/*
Navicat MySQL Data Transfer

Source Server         : local3306
Source Server Version : 50725
Source Host           : localhost:3306
Source Database       : wlp-free020

Target Server Type    : MYSQL
Target Server Version : 50725
File Encoding         : 65001

Date: 2020-11-17 22:08:19
*/

SET FOREIGN_KEY_CHECKS=0;

-- ----------------------------
-- Table structure for `alone_app_version`
-- ----------------------------
DROP TABLE IF EXISTS `alone_app_version`;
CREATE TABLE `alone_app_version` (
  `version` varchar(32) NOT NULL DEFAULT '',
  `update_time` varchar(32) DEFAULT NULL,
  `update_user` varchar(32) DEFAULT NULL,
  PRIMARY KEY (`version`)
) ENGINE=MyISAM DEFAULT CHARSET=utf8;

-- ----------------------------
-- Records of alone_app_version
-- ----------------------------

-- ----------------------------
-- Table structure for `alone_applog`
-- ----------------------------
DROP TABLE IF EXISTS `alone_applog`;
CREATE TABLE `alone_applog` (
  `ID` varchar(32) NOT NULL,
  `CTIME` varchar(16) NOT NULL,
  `DESCRIBES` varchar(1024) NOT NULL,
  `APPUSER` varchar(32) NOT NULL,
  `LEVELS` varchar(32) DEFAULT NULL,
  `METHOD` varchar(128) DEFAULT NULL,
  `CLASSNAME` varchar(128) DEFAULT NULL,
  `IP` varchar(32) DEFAULT NULL,
  PRIMARY KEY (`ID`),
  KEY `FK_Reference_9` (`APPUSER`)
) ENGINE=MyISAM DEFAULT CHARSET=utf8;

-- ----------------------------
-- Records of alone_applog
-- ----------------------------

-- ----------------------------
-- Table structure for `alone_auth_action`
-- ----------------------------
DROP TABLE IF EXISTS `alone_auth_action`;
CREATE TABLE `alone_auth_action` (
  `ID` varchar(32) NOT NULL,
  `AUTHKEY` varchar(128) NOT NULL,
  `NAME` varchar(64) NOT NULL,
  `COMMENTS` varchar(128) DEFAULT NULL,
  `CTIME` varchar(14) NOT NULL,
  `UTIME` varchar(14) NOT NULL,
  `CUSER` varchar(32) NOT NULL,
  `MUSER` varchar(32) NOT NULL,
  `STATE` char(1) NOT NULL,
  `CHECKIS` char(1) NOT NULL,
  `LOGINIS` char(1) NOT NULL COMMENT '默认所有ACTION都要登录',
  PRIMARY KEY (`ID`)
) ENGINE=MyISAM DEFAULT CHARSET=utf8 COMMENT='InnoDB free: 12288 kB alone_action';

-- ----------------------------
-- Records of alone_auth_action
-- ----------------------------
INSERT INTO `alone_auth_action` VALUES ('40288b854a38408e014a384de88a0005', 'action/list', '权限管理_权限定义', null, '20141211154357', '20141211154357', '40288b854a329988014a329a12f30002', '40288b854a329988014a329a12f30002', '1', '1', '1');
INSERT INTO `alone_auth_action` VALUES ('40288b854a38974f014a38b3a6700017', 'actiontree/list', '权限管理_权限构造', null, '20141211173505', '20141211173505', '40288b854a329988014a329a12f30002', '40288b854a329988014a329a12f30002', '1', '1', '1');
INSERT INTO `alone_auth_action` VALUES ('40288b854a38974f014a38b93d0a0022', 'log/list', '系统配置_系统日志', '', '20141211174111', '20150831184926', '40288b854a329988014a329a12f30002', '40288b854a329988014a329a12f30002', '1', '1', '1');
INSERT INTO `alone_auth_action` VALUES ('40288b854a38974f014a38ba24f90024', 'parameter/list', '系统配置_参数定义', '', '20141211174210', '20150831185312', '40288b854a329988014a329a12f30002', '40288b854a329988014a329a12f30002', '1', '1', '1');
INSERT INTO `alone_auth_action` VALUES ('40288b854a38974f014a38bafb830026', 'parameter/editlist', '系统配置_系统参数', '', '20141211174305', '20151016154936', '40288b854a329988014a329a12f30002', '40288b854a329988014a329a12f30002', '1', '1', '1');
INSERT INTO `alone_auth_action` VALUES ('40288b854a38974f014a38bb431b0028', 'parameter/userelist', '系统配置_个性化参数', '', '20141211174324', '20151016154959', '40288b854a329988014a329a12f30002', '40288b854a329988014a329a12f30002', '1', '1', '1');
INSERT INTO `alone_auth_action` VALUES ('40288b854a38974f014a38bd26a0002a', 'dictionary/list', '系统配置_数据字典', '', '20141211174527', '20150831185552', '40288b854a329988014a329a12f30002', '40288b854a329988014a329a12f30002', '1', '1', '1');
INSERT INTO `alone_auth_action` VALUES ('40288b854a38974f014a38beae79002d', 'user/list', '组织用户管理_用户管理', '', '20141211174708', '20150831185712', '40288b854a329988014a329a12f30002', '40288b854a329988014a329a12f30002', '1', '1', '1');
INSERT INTO `alone_auth_action` VALUES ('40288b854a38974f014a38bf10fc002f', 'organization/list', '组织用户管理_组织机构管理', '', '20141211174733', '20150831185753', '40288b854a329988014a329a12f30002', '40288b854a329988014a329a12f30002', '1', '1', '1');
INSERT INTO `alone_auth_action` VALUES ('40288b854a3daac8014a3dfe03990005', 'FarmPortalComponentConsole', '门户管理_组件库', null, '20141212181424', '20141212181424', '40288b854a329988014a329a12f30002', '40288b854a329988014a329a12f30002', '1', '1', '1');
INSERT INTO `alone_auth_action` VALUES ('40288b854a3daac8014a3dfefcce0007', 'FarmPortalPortaltreeConsole', '门户管理_门户配置', null, '20141212181528', '20141212181528', '40288b854a329988014a329a12f30002', '40288b854a329988014a329a12f30002', '1', '1', '1');
INSERT INTO `alone_auth_action` VALUES ('40288b854a3e037e014a3e1d76810003', 'FarmFormsFormcategoryConsole', '动态表单_表单分类', null, '20141212184845', '20141212184845', '40288b854a329988014a329a12f30002', '40288b854a329988014a329a12f30002', '1', '1', '1');
INSERT INTO `alone_auth_action` VALUES ('40288b854a3e037e014a3e1e46150005', 'FarmFormsQueryConsole', '动态表单_查询表单配置', null, '20141212184939', '20141212184939', '40288b854a329988014a329a12f30002', '40288b854a329988014a329a12f30002', '1', '1', '1');
INSERT INTO `alone_auth_action` VALUES ('40288b854a50d918014a50dbdc460002', 'HhYWConsole', '系统配置_数据库管理', null, '20141216100953', '20141216100953', '40288b854a329988014a329a12f30002', '40288b854a329988014a329a12f30002', '1', '1', '1');
INSERT INTO `alone_auth_action` VALUES ('40288b854a50d918014a50dcfa580005', 'qzTrigger/list', '任务调度_触发器定义', '', '20141216101106', '20171211230511', '40288b854a329988014a329a12f30002', '40288b854a329988014a329a12f30002', '1', '1', '1');
INSERT INTO `alone_auth_action` VALUES ('40288b854a50d918014a50ddb7400007', 'qzTask/list', '任务调度_任务定义', '', '20141216101155', '20171211230536', '40288b854a329988014a329a12f30002', '40288b854a329988014a329a12f30002', '1', '1', '1');
INSERT INTO `alone_auth_action` VALUES ('40288b854a50d918014a50def0aa0009', 'qzScheduler/list', '任务调度_调度实例', null, '20141216101315', '20141216101315', '40288b854a329988014a329a12f30002', '40288b854a329988014a329a12f30002', '1', '1', '1');
INSERT INTO `alone_auth_action` VALUES ('402894ca4a9a155d014a9a1790810003', 'filebase/list', '文档管理_附件管理', '', '20141230152723', '20200709215105', '40288b854a329988014a329a12f30002', '40288b854a329988014a329a12f30002', '1', '1', '1');
INSERT INTO `alone_auth_action` VALUES ('402894ca4a9a155d014a9a182dbb0005', 'FarmDocgroupUser_ACTION_CONSOLE', '文档管理_工作小组管理', null, '20141230152803', '20141230152803', '40288b854a329988014a329a12f30002', '40288b854a329988014a329a12f30002', '1', '1', '1');
INSERT INTO `alone_auth_action` VALUES ('402894ca4a9a155d014a9a1905200007', 'docgroup/list', '文档管理_工作小组管理', '', '20141230152858', '20150831190059', '40288b854a329988014a329a12f30002', '40288b854a329988014a329a12f30002', '1', '1', '1');
INSERT INTO `alone_auth_action` VALUES ('402894ca4a9a155d014a9a1a32940009', 'FarmDocmessage_ACTION_CONSOLE', '文档管理_文档留言', null, '20141230153015', '20141230153015', '40288b854a329988014a329a12f30002', '40288b854a329988014a329a12f30002', '1', '1', '1');
INSERT INTO `alone_auth_action` VALUES ('402894ca4a9a155d014a9a1a8dd3000b', 'doctype/list', '文档管理_文档分类', '', '20141230153039', '20150831190127', '40288b854a329988014a329a12f30002', '40288b854a329988014a329a12f30002', '1', '1', '1');
INSERT INTO `alone_auth_action` VALUES ('402894ca4a9a155d014a9a1afe60000d', 'doc/list', '文档管理_文档管理', '', '20141230153108', '20150901182811', '40288b854a329988014a329a12f30002', '40288b854a329988014a329a12f30002', '1', '1', '1');
INSERT INTO `alone_auth_action` VALUES ('40288b854ab4231a014ab45e15850003', 'FarmCodeProject_ACTION_CONSOLE', '代码工程_工程定义', null, '20150104175432', '20150104175432', '40288b854a329988014a329a12f30002', '40288b854a329988014a329a12f30002', '1', '1', '1');
INSERT INTO `alone_auth_action` VALUES ('40288b854ab4231a014ab45ee9fb0005', 'FarmCodeGuide_ACTION_CONSOLE', '代码工程_生成向导', null, '20150104175526', '20150104175526', '40288b854a329988014a329a12f30002', '40288b854a329988014a329a12f30002', '1', '1', '1');
INSERT INTO `alone_auth_action` VALUES ('402888a84f970dad014f971444550009', 'top/list', '文档管理_推荐阅读', '', '20150904143851', '20200714161706', '40288b854a329988014a329a12f30002', '40288b854a329988014a329a12f30002', '1', '1', '1');
INSERT INTO `alone_auth_action` VALUES ('402894ca4add11f6014add19da9d000a', 'FarmPlanTaskConsole', '当前任务_计划任务', null, '20150112154426', '20150112154426', '40288b854a329988014a329a12f30002', '40288b854a329988014a329a12f30002', '1', '1', '1');
INSERT INTO `alone_auth_action` VALUES ('402894ca4ae0e797014ae1ab12120031', 'lucene/list', '文档管理_全文索引', '', '20150113130132', '20150831190209', '40288b854a329988014a329a12f30002', '40288b854a329988014a329a12f30002', '1', '1', '1');
INSERT INTO `alone_auth_action` VALUES ('402888a8509d16e201509d191db90009', 'farmReleaseRanking/list', '文档管理_用户文档排名', '', '20151025114440', '20151025114440', '40288b854a329988014a329a12f30002', '40288b854a329988014a329a12f30002', '1', '1', '1');
INSERT INTO `alone_auth_action` VALUES ('402888a850bcceeb0150bcd7f9780009', 'usermessage/list', '用户消息', '', '20151031154122', '20151031154122', '40288b854a329988014a329a12f30002', '40288b854a329988014a329a12f30002', '1', '1', '1');
INSERT INTO `alone_auth_action` VALUES ('8a2831b355de72390155de787d000014', 'resumebase/list', '简历管理_简历查询', null, '20160712173806', '20160712173806', '40288b854a329988014a329a12f30002', '40288b854a329988014a329a12f30002', '1', '1', '1');
INSERT INTO `alone_auth_action` VALUES ('8a2831b3563f530701563f5821e40000', 'expert/list', '简历管理_专家管理', null, '20160731130555', '20160731130555', '40288b854a329988014a329a12f30002', '40288b854a329988014a329a12f30002', '1', '1', '1');
INSERT INTO `alone_auth_action` VALUES ('8a2831b3573c10d0015741b2273c0018', 'user/online', '系统配置_在线用户', null, '20160919170617', '20160919170617', '40288b854a329988014a329a12f30002', '40288b854a329988014a329a12f30002', '1', '1', '1');
INSERT INTO `alone_auth_action` VALUES ('8a2831b3577bd11201578a0a22ef0035', 'webHotCase/list', '文档管理_检索热词', null, '20161003181502', '20161003181502', '40288b854a329988014a329a12f30002', '40288b854a329988014a329a12f30002', '1', '1', '1');
INSERT INTO `alone_auth_action` VALUES ('8a2831b35ac74f63015ae477e873005d', 'question/list', '问答管理_问答管理', null, '20170319104907', '20170319104907', '40288b854a329988014a329a12f30002', '40288b854a329988014a329a12f30002', '1', '1', '1');
INSERT INTO `alone_auth_action` VALUES ('8a2831b35ac74f63015ae47881d3005f', 'fqaIndex/list', '检索管理_问答索引', null, '20170319104947', '20170319104947', '40288b854a329988014a329a12f30002', '40288b854a329988014a329a12f30002', '1', '1', '1');
INSERT INTO `alone_auth_action` VALUES ('402889ac5b2782a6015b281052a50060', 'typedemo/list', '知识管理_模板管理', null, '20170401135010', '20170401135010', '40288b854a329988014a329a12f30002', '40288b854a329988014a329a12f30002', '1', '1', '1');
INSERT INTO `alone_auth_action` VALUES ('402889ac5bfb0c93015bfb42f2ca0000', 'docspecial/list', '知识管理_知识专题', null, '20170512140520', '20170512140520', '40288b854a329988014a329a12f30002', '40288b854a329988014a329a12f30002', '1', '1', '1');
INSERT INTO `alone_auth_action` VALUES ('8af5c60d5c215c54015c216201ce0002', 'outuser/list', '用户管理_外部账户', null, '20170519234450', '20170519234450', '40288b854a329988014a329a12f30002', '40288b854a329988014a329a12f30002', '1', '1', '1');
INSERT INTO `alone_auth_action` VALUES ('402889ac5da5d50f015da5d736060000', 'toolweb/sysbackup', '系统配置_系统备份向导', null, '20170803100531', '20170803100531', '40288b854a329988014a329a12f30002', '40288b854a329988014a329a12f30002', '1', '1', '1');
INSERT INTO `alone_auth_action` VALUES ('402889ac5f94d2ef015f94f2502c0007', 'dingding/loadOrg', '用户管理_同步钉钉组织机构', null, '20171107132709', '20171107132709', '40288b854a329988014a329a12f30002', '40288b854a329988014a329a12f30002', '1', '1', '1');
INSERT INTO `alone_auth_action` VALUES ('402889ac5fbd8ef3015fbd954fea0001', 'usermessage/msConsole', '用户管理_用户消息发送', '', '20171115105000', '20171115105142', '40288b854a329988014a329a12f30002', '40288b854a329988014a329a12f30002', '1', '1', '1');
INSERT INTO `alone_auth_action` VALUES ('402889ac5fc2b9a6015fc2c34e9a0001', 'fileindex/list', '检索管理_附件索引', null, '20171116105820', '20171116105820', '40288b854a329988014a329a12f30002', '40288b854a329988014a329a12f30002', '1', '1', '1');
INSERT INTO `alone_auth_action` VALUES ('402889ac5fc36ab9015fc3794fea0003', 'helper/readme', '系统配置_系统接口API', '', '20171116141708', '20181016161716', '40288b854a329988014a329a12f30002', '40288b854a329988014a329a12f30002', '1', '1', '1');
INSERT INTO `alone_auth_action` VALUES ('8a8580496053a94e016053bbba700001', 'wdaconvertlog/list', '运维管理_预览文件转换日志', null, '20171214143500', '20171214143500', '40288b854a329988014a329a12f30002', '40288b854a329988014a329a12f30002', '1', '1', '1');
INSERT INTO `alone_auth_action` VALUES ('40288918646e990f01646ea253fb0001', 'messagemodel/list', '用户消息模板', null, '20180706160809', '20180706160809', '40288b854a329988014a329a12f30002', '40288b854a329988014a329a12f30002', '1', '1', '1');
INSERT INTO `alone_auth_action` VALUES ('40288918651238b201651244b6c70001', 'typefield/list', '基本设置_分类属性', null, '20180807104337', '20180807104337', '40288b854a329988014a329a12f30002', '40288b854a329988014a329a12f30002', '1', '1', '1');
INSERT INTO `alone_auth_action` VALUES ('402880ef65b963bd0165b965a4dc0001', 'gridkpoint/list', '鐭ヨ瘑绠＄悊_鐭ヨ瘑鍥捐氨', null, '20180908213610', '20180908213610', '40288b854a329988014a329a12f30002', '40288b854a329988014a329a12f30002', '1', '1', '1');
INSERT INTO `alone_auth_action` VALUES ('4028b881661e481c01661e4ad6280001', 'sharelink/list', '绯荤粺搴旂敤_閾炬帴鍒嗕韩', null, '20180928114832', '20180928114832', '40288b854a329988014a329a12f30002', '40288b854a329988014a329a12f30002', '1', '1', '1');
INSERT INTO `alone_auth_action` VALUES ('4028b88167b485520167b48943230001', 'docfieldlist/list', '分类模板_分类属性查询', null, '20181216090233', '20181216090233', '40288b854a329988014a329a12f30002', '40288b854a329988014a329a12f30002', '1', '1', '1');
INSERT INTO `alone_auth_action` VALUES ('4028b88167ca4f270167ca64cbcf0001', 'doctypejudge/list', '分类模板_分类评价管理', null, '20181220145422', '20181220145422', '40288b854a329988014a329a12f30002', '40288b854a329988014a329a12f30002', '1', '1', '1');
INSERT INTO `alone_auth_action` VALUES ('4028b88167ca4f270167ca6610fc0003', 'docuserjudge/list', '分类模板_分类评价查询', null, '20181220145545', '20181220145545', '40288b854a329988014a329a12f30002', '40288b854a329988014a329a12f30002', '1', '1', '1');
INSERT INTO `alone_auth_action` VALUES ('4028b88168f599280168f59acd340001', 'ldap/loadOrg', '用户管理_同步LDAP机构', null, '20190216171949', '20190216171949', '40288b854a329988014a329a12f30002', '40288b854a329988014a329a12f30002', '1', '1', '1');
INSERT INTO `alone_auth_action` VALUES ('4028b8816a8194fe016a82117bce1209', 'farmdocenjoy/list', '用户关注收藏', null, '20190504165905', '20190504165905', '40288b854a329988014a329a12f30002', '40288b854a329988014a329a12f30002', '1', '1', '1');
INSERT INTO `alone_auth_action` VALUES ('4028b8816b352fa8016b3660a1a601cc', 'user/chooseUser', '选择用户', '', '20190608171710', '20190608171710', '40288b854a329988014a329a12f30002', '40288b854a329988014a329a12f30002', '1', '0', '1');
INSERT INTO `alone_auth_action` VALUES ('4028b8816b366111016b3664ebb30002', 'user/query', '查询用户', '', '20190608172152', '20190608172152', '40288b854a329988014a329a12f30002', '40288b854a329988014a329a12f30002', '1', '0', '1');
INSERT INTO `alone_auth_action` VALUES ('4028b8816b366557016b3666da4b002a', 'organization/chooseOrg', '选择组织机构', '', '20190608172358', '20190608172358', '40288b854a329988014a329a12f30002', '40288b854a329988014a329a12f30002', '1', '0', '1');
INSERT INTO `alone_auth_action` VALUES ('4028b8816b366557016b3667b48a002b', 'organization/organizationTree', '查询组织机构树', '', '20190608172454', '20190608172454', '40288b854a329988014a329a12f30002', '40288b854a329988014a329a12f30002', '1', '0', '1');
INSERT INTO `alone_auth_action` VALUES ('4028b8816b366557016b36682d08002c', 'post/choosePost', '选择岗位', '', '20190608172525', '20190608172525', '40288b854a329988014a329a12f30002', '40288b854a329988014a329a12f30002', '1', '0', '1');
INSERT INTO `alone_auth_action` VALUES ('4028b8816b366557016b3668a27c002d', 'post/query', '查询岗位', '', '20190608172555', '20190608172555', '40288b854a329988014a329a12f30002', '40288b854a329988014a329a12f30002', '1', '0', '1');
INSERT INTO `alone_auth_action` VALUES ('402881e66e78aed3016e78b33cc60002', 'experttype/list', '问答专家_专家分类', null, '20191117173042', '20191117173042', '40288b854a329988014a329a12f30002', '40288b854a329988014a329a12f30002', '1', '1', '1');
INSERT INTO `alone_auth_action` VALUES ('402880e772a88c460172a88fff9b0000', 'classtype/list', '基本设置_课程分类管理', null, '20200612204508', '20200612204508', '40288b854a329988014a329a12f30002', '40288b854a329988014a329a12f30002', '1', '1', '1');
INSERT INTO `alone_auth_action` VALUES ('402880ea72b819cc0172ba94d0990001', 'tagtype/list', '基本设置_标签管理', null, '20200616084334', '20200616084334', '40288b854a329988014a329a12f30002', '40288b854a329988014a329a12f30002', '1', '1', '1');

-- ----------------------------
-- Table structure for `alone_auth_actiontree`
-- ----------------------------
DROP TABLE IF EXISTS `alone_auth_actiontree`;
CREATE TABLE `alone_auth_actiontree` (
  `ID` varchar(32) NOT NULL,
  `SORT` int(11) NOT NULL,
  `PARENTID` varchar(32) NOT NULL,
  `NAME` varchar(64) NOT NULL,
  `TREECODE` varchar(256) NOT NULL,
  `COMMENTS` varchar(128) DEFAULT NULL,
  `TYPE` char(1) NOT NULL COMMENT '分类、菜单、权限',
  `CTIME` varchar(14) NOT NULL,
  `UTIME` varchar(14) NOT NULL,
  `CUSER` varchar(32) NOT NULL,
  `UUSER` varchar(32) NOT NULL,
  `STATE` char(1) NOT NULL,
  `ACTIONID` varchar(32) DEFAULT NULL,
  `DOMAIN` varchar(64) NOT NULL,
  `ICON` varchar(64) DEFAULT NULL,
  `IMGID` varchar(32) DEFAULT NULL,
  `PARAMS` varchar(128) DEFAULT NULL,
  PRIMARY KEY (`ID`),
  KEY `FK_Reference_7` (`ACTIONID`)
) ENGINE=MyISAM DEFAULT CHARSET=utf8 COMMENT='InnoDB free: 12288 kB; (`action`) REFER `alone/alone_action`';

-- ----------------------------
-- Records of alone_auth_actiontree
-- ----------------------------
INSERT INTO `alone_auth_actiontree` VALUES ('40288b854a38974f014a38b93d0a0023', '10', '8a2831b35ac74f63015ae4710d6a005b', '系统日志', '8a2831b35ac74f63015ae4710d6a005b40288b854a38974f014a38b93d0a0023', '', '2', '20141211174111', '20141211174111', '40288b854a329988014a329a12f30002', '40288b854a329988014a329a12f30002', '1', '40288b854a38974f014a38b93d0a0022', 'alone', 'icon-tip', null, '');
INSERT INTO `alone_auth_actiontree` VALUES ('40288b854a38974f014a38b3a6700018', '2', '40288b854a38408e014a384c4f3c0002', '权限构造', '40288b854a38408e014a384c4f3c000240288b854a38974f014a38b3a6700018', '', '2', '20141211173505', '20141211173505', '40288b854a329988014a329a12f30002', '40288b854a329988014a329a12f30002', '1', '40288b854a38974f014a38b3a6700017', 'alone', 'icon-category', null, '');
INSERT INTO `alone_auth_actiontree` VALUES ('40288b854a38408e014a384c4f3c0002', '8', 'NONE', '系统配置', '40288b854a38408e014a384c4f3c0002', '', '1', '20141211154212', '20200612190530', '40288b854a329988014a329a12f30002', '40288b854a329988014a329a12f30002', '1', '', 'alone', 'icon-sprocket_dark', null, '');
INSERT INTO `alone_auth_actiontree` VALUES ('40288b854a38974f014a38bafb830027', '3', '40288b854a38408e014a384c4f3c0002', '参数设置', '40288b854a38408e014a384c4f3c000240288b854a38974f014a38bafb830027', '', '2', '20141211174305', '20151016155834', '40288b854a329988014a329a12f30002', '40288b854a329988014a329a12f30002', '1', '40288b854a38974f014a38bafb830026', 'alone', 'icon-sprocket_dark', null, '');
INSERT INTO `alone_auth_actiontree` VALUES ('402880ea72b819cc0172ba94d09a0002', '2', '8a2831b35ac74f63015ae472c7ca005c', '标签管理', '8a2831b35ac74f63015ae472c7ca005c402880ea72b819cc0172ba94d09a0002', '', '2', '20200616084334', '20200616084334', '40288b854a329988014a329a12f30002', '40288b854a329988014a329a12f30002', '1', '402880ea72b819cc0172ba94d0990001', 'alone', 'icon-tag', null, '');
INSERT INTO `alone_auth_actiontree` VALUES ('40288b854a38974f014a38bd26a0002b', '5', '40288b854a38408e014a384c4f3c0002', '数据字典', '40288b854a38408e014a384c4f3c000240288b854a38974f014a38bd26a0002b', '', '2', '20141211174527', '20141211174527', '40288b854a329988014a329a12f30002', '40288b854a329988014a329a12f30002', '1', '40288b854a38974f014a38bd26a0002a', 'alone', 'icon-address-book', null, '');
INSERT INTO `alone_auth_actiontree` VALUES ('40288b854a38974f014a38be1805002c', '7', 'NONE', '用户管理', '40288b854a38974f014a38be1805002c', '', '1', '20141211174629', '20200612190559', '40288b854a329988014a329a12f30002', '40288b854a329988014a329a12f30002', '1', '', 'alone', 'icon-group_green_edit', null, '');
INSERT INTO `alone_auth_actiontree` VALUES ('40288b854a38974f014a38beae79002e', '1', '40288b854a38974f014a38be1805002c', '用户管理', '40288b854a38974f014a38be1805002c40288b854a38974f014a38beae79002e', '', '2', '20141211174708', '20141211174708', '40288b854a329988014a329a12f30002', '40288b854a329988014a329a12f30002', '1', '40288b854a38974f014a38beae79002d', 'alone', 'icon-hire-me', null, '');
INSERT INTO `alone_auth_actiontree` VALUES ('40288b854a38974f014a38bf10fc0030', '2', '40288b854a38974f014a38be1805002c', '组织管理', '40288b854a38974f014a38be1805002c40288b854a38974f014a38bf10fc0030', '', '2', '20141211174733', '20170319103800', '40288b854a329988014a329a12f30002', '40288b854a329988014a329a12f30002', '1', '40288b854a38974f014a38bf10fc002f', 'alone', 'icon-customers', null, '');
INSERT INTO `alone_auth_actiontree` VALUES ('402888ac506eb41b01506fa9b0a30027', '1', '40288b854a38408e014a384c4f3c0002', '注册参数', '40288b854a38408e014a384c4f3c0002402888ac506eb41b01506fa9b0a30027', '', '2', '20151016160003', '20151016160003', '40288b854a329988014a329a12f30002', '40288b854a329988014a329a12f30002', '1', '40288b854a38974f014a38ba24f90024', 'alone', 'icon-edit', null, '');
INSERT INTO `alone_auth_actiontree` VALUES ('40288b854a50d918014a50dc82980004', '11', '40288b854a38408e014a384c4f3c0002', '任务调度', '40288b854a38408e014a384c4f3c000240288b854a50d918014a50dc82980004', '', '1', '20141216101036', '20141216101036', '40288b854a329988014a329a12f30002', '40288b854a329988014a329a12f30002', '1', null, 'alone', 'icon-application_osx_terminal', null, '');
INSERT INTO `alone_auth_actiontree` VALUES ('40288b854a50d918014a50def0aa000a', '3', '40288b854a50d918014a50dc82980004', '调度实例', '40288b854a38408e014a384c4f3c000240288b854a50d918014a50dc8298000440288b854a50d918014a50def0aa000a', '', '2', '20141216101315', '20141216101315', '40288b854a329988014a329a12f30002', '40288b854a329988014a329a12f30002', '1', '40288b854a50d918014a50def0aa0009', 'alone', 'icon-future-projects', null, '');
INSERT INTO `alone_auth_actiontree` VALUES ('402894ca4a9a155d014a9a1790810004', '1', '8a2831b35ac74f63015ae4710d6a005b', '附件管理', '8a2831b35ac74f63015ae4710d6a005b402894ca4a9a155d014a9a1790810004', '', '2', '20141230152723', '20141230152723', '40288b854a329988014a329a12f30002', '40288b854a329988014a329a12f30002', '1', '402894ca4a9a155d014a9a1790810003', 'alone', 'icon-save', null, '');
INSERT INTO `alone_auth_actiontree` VALUES ('402888a84f835c36014f835f72cb000e', '1', '40288b854a38408e014a384c4f3c0002', '权限定义', '40288b854a38408e014a384c4f3c0002402888a84f835c36014f835f72cb000e', '', '2', '20150831184834', '20150831184834', '40288b854a329988014a329a12f30002', '40288b854a329988014a329a12f30002', '1', '40288b854a38408e014a384de88a0005', 'alone', 'icon-communication', null, '');
INSERT INTO `alone_auth_actiontree` VALUES ('402888a84f970dad014f971545c3000a', '3', '8a2831b35ac74f63015ae472c7ca005c', '推荐阅读', '8a2831b35ac74f63015ae472c7ca005c402888a84f970dad014f971545c3000a', '', '2', '20150904143957', '20200531205925', '40288b854a329988014a329a12f30002', '40288b854a329988014a329a12f30002', '1', '402888a84f970dad014f971444550009', 'alone', 'icon-upcoming-work', null, '');
INSERT INTO `alone_auth_actiontree` VALUES ('8a2831b3573c10d0015741b2273c0019', '6', '8a2831b35ac74f63015ae4710d6a005b', '在线用户', '8a2831b35ac74f63015ae4710d6a005b8a2831b3573c10d0015741b2273c0019', '', '2', '20160919170617', '20160919170617', '40288b854a329988014a329a12f30002', '40288b854a329988014a329a12f30002', '1', '8a2831b3573c10d0015741b2273c0018', 'alone', 'icon-group_green_new', null, '');
INSERT INTO `alone_auth_actiontree` VALUES ('8a2831b35ac74f63015ae4710d6a005b', '9', 'NONE', '运维管理', '8a2831b35ac74f63015ae4710d6a005b', '', '1', '20170319104138', '20200612190510', '40288b854a329988014a329a12f30002', '40288b854a329988014a329a12f30002', '1', '', 'alone', 'icon-showreel', null, '');
INSERT INTO `alone_auth_actiontree` VALUES ('8a2831b35ac74f63015ae472c7ca005c', '6', 'NONE', '基本设置', '8a2831b35ac74f63015ae472c7ca005c', '', '1', '20170319104331', '20200612190606', '40288b854a329988014a329a12f30002', '40288b854a329988014a329a12f30002', '1', '', 'alone', 'icon-settings', null, '');
INSERT INTO `alone_auth_actiontree` VALUES ('402889ac5da5d50f015da5d736110001', '15', '8a2831b35ac74f63015ae4710d6a005b', '系统备份向导', '8a2831b35ac74f63015ae4710d6a005b402889ac5da5d50f015da5d736110001', '', '2', '20170803100531', '20170803100623', '40288b854a329988014a329a12f30002', '40288b854a329988014a329a12f30002', '1', '402889ac5da5d50f015da5d736060000', 'alone', 'icon-save', null, '');
INSERT INTO `alone_auth_actiontree` VALUES ('402880e772a88c460172a88fffa70001', '1', '8a2831b35ac74f63015ae472c7ca005c', '分类管理', '8a2831b35ac74f63015ae472c7ca005c402880e772a88c460172a88fffa70001', '', '2', '20200612204508', '20200616083926', '40288b854a329988014a329a12f30002', '40288b854a329988014a329a12f30002', '1', '402880e772a88c460172a88fff9b0000', 'alone', 'icon-sitemap', null, '');
INSERT INTO `alone_auth_actiontree` VALUES ('402880ef6046149d0160461a366b0001', '1', '40288b854a50d918014a50dc82980004', '任务定义', '40288b854a38408e014a384c4f3c000240288b854a50d918014a50dc82980004402880ef6046149d0160461a366b0001', '', '2', '20171211230331', '20171211230331', '40288b854a329988014a329a12f30002', '40288b854a329988014a329a12f30002', '1', '40288b854a50d918014a50ddb7400007', 'alone', 'icon-business-contact', null, '');
INSERT INTO `alone_auth_actiontree` VALUES ('402880ef6046149d0160461aac480002', '2', '40288b854a50d918014a50dc82980004', '触发器定义', '40288b854a38408e014a384c4f3c000240288b854a50d918014a50dc82980004402880ef6046149d0160461aac480002', '', '2', '20171211230401', '20171211230401', '40288b854a329988014a329a12f30002', '40288b854a329988014a329a12f30002', '1', '40288b854a50d918014a50dcfa580005', 'alone', 'icon-full-time', null, '');

-- ----------------------------
-- Table structure for `alone_auth_organization`
-- ----------------------------
DROP TABLE IF EXISTS `alone_auth_organization`;
CREATE TABLE `alone_auth_organization` (
  `ID` varchar(32) NOT NULL,
  `TREECODE` varchar(256) NOT NULL,
  `COMMENTS` varchar(128) DEFAULT NULL,
  `NAME` varchar(64) NOT NULL,
  `CTIME` varchar(14) NOT NULL,
  `UTIME` varchar(14) NOT NULL,
  `STATE` char(1) NOT NULL,
  `CUSER` varchar(32) NOT NULL,
  `MUSER` varchar(32) NOT NULL,
  `PARENTID` varchar(32) DEFAULT NULL,
  `SORT` int(11) DEFAULT NULL,
  `TYPE` char(1) NOT NULL COMMENT '组织类型：1科室、2班组、3队组、0其他',
  `APPID` varchar(32) DEFAULT NULL,
  PRIMARY KEY (`ID`)
) ENGINE=MyISAM DEFAULT CHARSET=utf8 COMMENT='组织类型：科室、班组、队组、其他';

-- ----------------------------
-- Records of alone_auth_organization
-- ----------------------------
INSERT INTO `alone_auth_organization` VALUES ('2c948a8270ed2e1f0170ed2f5c610001', '2c948a8270ed2e1f0170ed2f5c610001', '', '机构测试', '20200318182748', '20200318182748', '1', '40288b854a329988014a329a12f30002', '40288b854a329988014a329a12f30002', 'NONE', '3', '1', null);

-- ----------------------------
-- Table structure for `alone_auth_outuser`
-- ----------------------------
DROP TABLE IF EXISTS `alone_auth_outuser`;
CREATE TABLE `alone_auth_outuser` (
  `ID` varchar(32) NOT NULL,
  `CTIME` varchar(16) NOT NULL,
  `PSTATE` varchar(2) NOT NULL,
  `PCONTENT` varchar(128) DEFAULT NULL,
  `USERID` varchar(32) DEFAULT NULL,
  `ACCOUNTID` varchar(64) NOT NULL,
  `ACCOUNTNAME` varchar(64) NOT NULL,
  PRIMARY KEY (`ID`),
  KEY `FK_Reference_54` (`USERID`)
) ENGINE=MyISAM DEFAULT CHARSET=utf8;

-- ----------------------------
-- Records of alone_auth_outuser
-- ----------------------------
INSERT INTO `alone_auth_outuser` VALUES ('402881e66e6f78c6016e6fb0bd58005c', '20191115233124', '1', 'QQ开放应用', '402881e66e6f78c6016e6fe87fb70079', '3D8D74FBD781EBDFC2FDB4DEF20F4ABD', '陌世繁华');
INSERT INTO `alone_auth_outuser` VALUES ('402881e66e6f78c6016e6f8e3846001a', '20191115225341', '1', 'QQ开放应用', '40288b854a329988014a329a12f30002', 'C6DEF91A45AE253B50D012B9EFAF323C', 'WCP');
INSERT INTO `alone_auth_outuser` VALUES ('402880e8719622d301719650277d000a', '20200420143927', '1', 'CAS', '2c948a8270ed2e1f0170ed2fcfb40003', 'demo', 'demo');
INSERT INTO `alone_auth_outuser` VALUES ('402880e871968e8e017196961f5b0001', '20200420155553', '1', 'CAS', '402880e8719728f80171973f0a5a0005', 'text', 'text');

-- ----------------------------
-- Table structure for `alone_auth_pop`
-- ----------------------------
DROP TABLE IF EXISTS `alone_auth_pop`;
CREATE TABLE `alone_auth_pop` (
  `ID` varchar(32) NOT NULL,
  `POPTYPE` varchar(1) NOT NULL COMMENT '1人、2组织机构、3岗位',
  `OID` varchar(32) NOT NULL COMMENT '人ID、组织机构ID、岗位ID',
  `ONAME` varchar(128) NOT NULL COMMENT '人NAME、组织机构NAME、岗位NAME',
  `TARGETTYPE` varchar(64) NOT NULL COMMENT '权限业务类型',
  `TARGETID` varchar(32) NOT NULL COMMENT '权限业务ID',
  `TARGETNAME` varchar(128) DEFAULT NULL,
  `CTIME` varchar(16) NOT NULL,
  `CUSERNAME` varchar(64) NOT NULL,
  `CUSER` varchar(32) NOT NULL,
  `PSTATE` varchar(2) NOT NULL,
  `PCONTENT` varchar(128) DEFAULT NULL,
  PRIMARY KEY (`ID`)
) ENGINE=MyISAM DEFAULT CHARSET=utf8;

-- ----------------------------
-- Records of alone_auth_pop
-- ----------------------------
INSERT INTO `alone_auth_pop` VALUES ('2c902a8d67085e660167087867b70070', '1', '40288b854a329988014a329a12f30002', '系统管理员', 'FARM_SPECIAL', '2c902a8d67085e660167087759a20067', '知识专题演示', '20181112230927', '系统管理员', '40288b854a329988014a329a12f30002', '1', null);
INSERT INTO `alone_auth_pop` VALUES ('2c902a8d68d178390168d1fe87800229', '1', '40288b854a329988014a329a12f30002', '系统管理员', 'FARM_SPECIAL', '2c902a8d68d178390168d1fd5103021f', '财经知识', '20190209192225', '系统管理员', '40288b854a329988014a329a12f30002', '1', null);
INSERT INTO `alone_auth_pop` VALUES ('2c902a8d68d178390168d1fea78b022a', '1', '40288b854a329988014a329a12f30002', '系统管理员', 'FARM_SPECIAL', '2c902a8d68d178390168d1fe6bda0225', 'lnstagram优选', '20190209192233', '系统管理员', '40288b854a329988014a329a12f30002', '1', null);
INSERT INTO `alone_auth_pop` VALUES ('4028b8816d2b3ed5016d2b432564003a', '1', '40288b854a329988014a329a12f30002', '系统管理员', 'FARM_SPECIAL', '4028b8816d2b3ed5016d2b4300c00036', '啊师傅大', '20190913233443', '系统管理员', '40288b854a329988014a329a12f30002', '1', null);
INSERT INTO `alone_auth_pop` VALUES ('4028b8816df3851c016df3c71ed20052', '1', '40288b854a329988014a329a12f30002', '系统管理员', 'FARM_SPECIAL', '4028b8816df3851c016df3c6a34a004e', '測試', '20191022220255', '系统管理员', '40288b854a329988014a329a12f30002', '1', null);
INSERT INTO `alone_auth_pop` VALUES ('402881e66e819e38016e819fad0f0002', '1', '40288b854a329988014a329a12f30002', '系统管理员', 'FARM_SPECIAL', '402881e66e2f728a016e2fc2ec91000f', '123123', '20191119110555', '系统管理员', '40288b854a329988014a329a12f30002', '1', null);
INSERT INTO `alone_auth_pop` VALUES ('402881e66e819e38016e81a6b8bc002e', '1', '40288b854a329988014a329a12f30002', '系统管理员', 'FARM_SPECIAL', '402881e66e819e38016e81a51b63000a', '4', '20191119111337', '系统管理员', '40288b854a329988014a329a12f30002', '1', null);
INSERT INTO `alone_auth_pop` VALUES ('402881e66e819e38016e81a6b8c6002f', '1', '40288b854a329988014a329a12f30002', '系统管理员', 'FARM_SPECIAL', '402881e66e819e38016e81a52e2d000e', '5', '20191119111337', '系统管理员', '40288b854a329988014a329a12f30002', '1', null);
INSERT INTO `alone_auth_pop` VALUES ('402881e66e819e38016e81a6b8ce0030', '1', '40288b854a329988014a329a12f30002', '系统管理员', 'FARM_SPECIAL', '402881e66e819e38016e81a53eee0012', '6', '20191119111337', '系统管理员', '40288b854a329988014a329a12f30002', '1', null);
INSERT INTO `alone_auth_pop` VALUES ('402881e66e819e38016e81a6b8d90031', '1', '40288b854a329988014a329a12f30002', '系统管理员', 'FARM_SPECIAL', '402881e66e819e38016e81a552290016', '7', '20191119111337', '系统管理员', '40288b854a329988014a329a12f30002', '1', null);
INSERT INTO `alone_auth_pop` VALUES ('402881e66e819e38016e81a6b8e20032', '1', '40288b854a329988014a329a12f30002', '系统管理员', 'FARM_SPECIAL', '402881e66e819e38016e81a562e7001a', '8', '20191119111337', '系统管理员', '40288b854a329988014a329a12f30002', '1', null);
INSERT INTO `alone_auth_pop` VALUES ('402881e66e819e38016e81a6b8ed0033', '1', '40288b854a329988014a329a12f30002', '系统管理员', 'FARM_SPECIAL', '402881e66e819e38016e81a5729d001e', '9', '20191119111337', '系统管理员', '40288b854a329988014a329a12f30002', '1', null);
INSERT INTO `alone_auth_pop` VALUES ('402881e66e819e38016e81a6b8f80034', '1', '40288b854a329988014a329a12f30002', '系统管理员', 'FARM_SPECIAL', '402881e66e819e38016e81a581d10022', '10', '20191119111337', '系统管理员', '40288b854a329988014a329a12f30002', '1', null);

-- ----------------------------
-- Table structure for `alone_auth_post`
-- ----------------------------
DROP TABLE IF EXISTS `alone_auth_post`;
CREATE TABLE `alone_auth_post` (
  `ID` varchar(32) NOT NULL,
  `CTIME` varchar(16) NOT NULL,
  `ETIME` varchar(16) NOT NULL,
  `CUSERNAME` varchar(64) NOT NULL,
  `CUSER` varchar(32) NOT NULL,
  `EUSERNAME` varchar(64) NOT NULL,
  `EUSER` varchar(32) NOT NULL,
  `PSTATE` varchar(2) NOT NULL,
  `ORGANIZATIONID` varchar(32) NOT NULL,
  `NAME` varchar(64) NOT NULL,
  `EXTENDIS` varchar(2) NOT NULL COMMENT '0:否1:是（默认否）',
  PRIMARY KEY (`ID`),
  KEY `FK_Reference_51` (`ORGANIZATIONID`)
) ENGINE=MyISAM DEFAULT CHARSET=utf8;

-- ----------------------------
-- Records of alone_auth_post
-- ----------------------------

-- ----------------------------
-- Table structure for `alone_auth_postaction`
-- ----------------------------
DROP TABLE IF EXISTS `alone_auth_postaction`;
CREATE TABLE `alone_auth_postaction` (
  `ID` varchar(32) NOT NULL,
  `MENUID` varchar(32) NOT NULL,
  `POSTID` varchar(32) NOT NULL,
  PRIMARY KEY (`ID`),
  KEY `FK_Reference_8` (`MENUID`),
  KEY `FK_Reference_9` (`POSTID`)
) ENGINE=MyISAM DEFAULT CHARSET=utf8 COMMENT='InnoDB free: 12288 kB; (`actionid`) REFER `alone/alone_actio';

-- ----------------------------
-- Records of alone_auth_postaction
-- ----------------------------
INSERT INTO `alone_auth_postaction` VALUES ('8a8181a95b655263015b74c51959001c', '40288b854a38408e014a384c4f3c0002', '8a8181a95b655263015b74c407ec0017');
INSERT INTO `alone_auth_postaction` VALUES ('8a8181a95b655263015b74c51959001d', '402888ac506eb41b01506fa9b0a30027', '8a8181a95b655263015b74c407ec0017');
INSERT INTO `alone_auth_postaction` VALUES ('8a8181a95b655263015b74c51959001e', '402888a84f835c36014f835f72cb000e', '8a8181a95b655263015b74c407ec0017');
INSERT INTO `alone_auth_postaction` VALUES ('8a8181a95b655263015b74c51959001f', '40288b854a38974f014a38b3a6700018', '8a8181a95b655263015b74c407ec0017');
INSERT INTO `alone_auth_postaction` VALUES ('8a8181a95b655263015b74c519590020', '40288b854a38974f014a38bafb830027', '8a8181a95b655263015b74c407ec0017');
INSERT INTO `alone_auth_postaction` VALUES ('8a8181a95b655263015b74c519590021', '40288b854a38974f014a38bb431b0029', '8a8181a95b655263015b74c407ec0017');
INSERT INTO `alone_auth_postaction` VALUES ('8a8181a95b655263015b74c519590022', '40288b854a38974f014a38bd26a0002b', '8a8181a95b655263015b74c407ec0017');
INSERT INTO `alone_auth_postaction` VALUES ('8a8181a95b655263015b74c519590023', '8a2831b3573c10d0015741b2273c0019', '8a8181a95b655263015b74c407ec0017');
INSERT INTO `alone_auth_postaction` VALUES ('8a8181a95b655263015b74c519590024', '40288b854a38974f014a38b93d0a0023', '8a8181a95b655263015b74c407ec0017');
INSERT INTO `alone_auth_postaction` VALUES ('8a8181a95b655263015b74c519590025', '40288b854a50d918014a50dc82980004', '8a8181a95b655263015b74c407ec0017');
INSERT INTO `alone_auth_postaction` VALUES ('8a8181a95b655263015b74c519590026', '40288b854a50d918014a50def0aa000a', '8a8181a95b655263015b74c407ec0017');
INSERT INTO `alone_auth_postaction` VALUES ('8a8181a95b655263015b74c519590027', '40288b854a38974f014a38be1805002c', '8a8181a95b655263015b74c407ec0017');
INSERT INTO `alone_auth_postaction` VALUES ('8a8181a95b655263015b74c519590028', '40288b854a38974f014a38beae79002e', '8a8181a95b655263015b74c407ec0017');
INSERT INTO `alone_auth_postaction` VALUES ('8a8181a95b655263015b74c519590029', '40288b854a38974f014a38bf10fc0030', '8a8181a95b655263015b74c407ec0017');
INSERT INTO `alone_auth_postaction` VALUES ('8a8181a95b655263015b74c51959002a', '402888a8509d16e201509d1a934d000a', '8a8181a95b655263015b74c407ec0017');
INSERT INTO `alone_auth_postaction` VALUES ('8a8181a95b655263015b74c51959002b', '402888a850bcceeb0150bcd86c2e000a', '8a8181a95b655263015b74c407ec0017');
INSERT INTO `alone_auth_postaction` VALUES ('8a8181a95b655263015b74c51959002c', '8a2831b35ac74f63015ae472c7ca005c', '8a8181a95b655263015b74c407ec0017');
INSERT INTO `alone_auth_postaction` VALUES ('8a8181a95b655263015b74c51959002d', '402894ca4a9a155d014a9a1790810004', '8a8181a95b655263015b74c407ec0017');
INSERT INTO `alone_auth_postaction` VALUES ('8a8181a95b655263015b74c51959002e', '402894ca4a9a155d014a9a1a8de3000c', '8a8181a95b655263015b74c407ec0017');
INSERT INTO `alone_auth_postaction` VALUES ('8a8181a95b655263015b74c51959002f', '402888a84f970dad014f971545c3000a', '8a8181a95b655263015b74c407ec0017');
INSERT INTO `alone_auth_postaction` VALUES ('8a8181a95b655263015b74c519590030', '402888a850472ac50150472e2d14000a', '8a8181a95b655263015b74c407ec0017');
INSERT INTO `alone_auth_postaction` VALUES ('8a8181a95b655263015b74c519590031', '402894ca4a9a155d014a9a16561d0002', '8a8181a95b655263015b74c407ec0017');
INSERT INTO `alone_auth_postaction` VALUES ('8a8181a95b655263015b74c519590032', '402889ac5b2782a6015b281052a50061', '8a8181a95b655263015b74c407ec0017');
INSERT INTO `alone_auth_postaction` VALUES ('8a8181a95b655263015b74c519590033', '8a2831b3563f530701563f5821e40001', '8a8181a95b655263015b74c407ec0017');
INSERT INTO `alone_auth_postaction` VALUES ('8a8181a95b655263015b74c519590034', '402894ca4a9a155d014a9a1905200008', '8a8181a95b655263015b74c407ec0017');
INSERT INTO `alone_auth_postaction` VALUES ('8a8181a95b655263015b74c519590035', '402894ca4a9a155d014a9a1afe60000e', '8a8181a95b655263015b74c407ec0017');
INSERT INTO `alone_auth_postaction` VALUES ('8a8181a95b655263015b74c519590036', '8a2831b35ac74f63015ae46fbe760059', '8a8181a95b655263015b74c407ec0017');
INSERT INTO `alone_auth_postaction` VALUES ('8a8181a95b655263015b74c519590037', '8a2831b35ac74f63015ae477e873005e', '8a8181a95b655263015b74c407ec0017');
INSERT INTO `alone_auth_postaction` VALUES ('8a8181a95b655263015b74c519590038', '8a2831b355de72390155de777b700013', '8a8181a95b655263015b74c407ec0017');
INSERT INTO `alone_auth_postaction` VALUES ('8a8181a95b655263015b74c519590039', '8a2831b355de72390155de787d000015', '8a8181a95b655263015b74c407ec0017');
INSERT INTO `alone_auth_postaction` VALUES ('8a8181a95b655263015b74c51959003a', '8a2831b35ac74f63015ae4710d6a005b', '8a8181a95b655263015b74c407ec0017');
INSERT INTO `alone_auth_postaction` VALUES ('8a8181a95b655263015b74c51969003b', '8a2831b3577bd11201578a0a22ef0036', '8a8181a95b655263015b74c407ec0017');
INSERT INTO `alone_auth_postaction` VALUES ('8a8181a95b655263015b74c51969003c', '402894ca4ae0e797014ae1ab12120032', '8a8181a95b655263015b74c407ec0017');
INSERT INTO `alone_auth_postaction` VALUES ('8a8181a95b655263015b74c51969003d', '8a2831b35ac74f63015ae47881d30060', '8a8181a95b655263015b74c407ec0017');
INSERT INTO `alone_auth_postaction` VALUES ('8a8181a95b655263015b74dd82ed00be', '8a2831b355de72390155de777b700013', '8a8181a95b655263015b74dd20540084');
INSERT INTO `alone_auth_postaction` VALUES ('8a8181a95b655263015b74dd82ed00bd', '8a2831b35ac74f63015ae477e873005e', '8a8181a95b655263015b74dd20540084');
INSERT INTO `alone_auth_postaction` VALUES ('8a8181a95b655263015b74dd82ed00bc', '8a2831b35ac74f63015ae46fbe760059', '8a8181a95b655263015b74dd20540084');
INSERT INTO `alone_auth_postaction` VALUES ('8a8181a95b655263015b74dd82ed00bb', '402894ca4a9a155d014a9a1afe60000e', '8a8181a95b655263015b74dd20540084');
INSERT INTO `alone_auth_postaction` VALUES ('8a8181a95b655263015b74dd82ed00ba', '402894ca4a9a155d014a9a1905200008', '8a8181a95b655263015b74dd20540084');
INSERT INTO `alone_auth_postaction` VALUES ('8a8181a95b655263015b74dd82ed00b9', '8a2831b3563f530701563f5821e40001', '8a8181a95b655263015b74dd20540084');
INSERT INTO `alone_auth_postaction` VALUES ('8a8181a95b655263015b74dd82ed00b8', '402889ac5b2782a6015b281052a50061', '8a8181a95b655263015b74dd20540084');
INSERT INTO `alone_auth_postaction` VALUES ('8a8181a95b655263015b74dd82ed00b7', '402894ca4a9a155d014a9a16561d0002', '8a8181a95b655263015b74dd20540084');
INSERT INTO `alone_auth_postaction` VALUES ('8a8181a95b655263015b74dd82ed00b6', '402888a850472ac50150472e2d14000a', '8a8181a95b655263015b74dd20540084');
INSERT INTO `alone_auth_postaction` VALUES ('8a8181a95b655263015b74dd82ed00b5', '402888a84f970dad014f971545c3000a', '8a8181a95b655263015b74dd20540084');
INSERT INTO `alone_auth_postaction` VALUES ('8a8181a95b655263015b74dd82ed00b4', '402894ca4a9a155d014a9a1a8de3000c', '8a8181a95b655263015b74dd20540084');
INSERT INTO `alone_auth_postaction` VALUES ('8a8181a95b655263015b74dd82ed00b3', '402894ca4a9a155d014a9a1790810004', '8a8181a95b655263015b74dd20540084');
INSERT INTO `alone_auth_postaction` VALUES ('8a8181a95b655263015b74dd82ed00b2', '8a2831b35ac74f63015ae472c7ca005c', '8a8181a95b655263015b74dd20540084');
INSERT INTO `alone_auth_postaction` VALUES ('8a8181a95b655263015b74dd82ed00b1', '402888a850bcceeb0150bcd86c2e000a', '8a8181a95b655263015b74dd20540084');
INSERT INTO `alone_auth_postaction` VALUES ('8a8181a95b655263015b74dd82ed00b0', '402888a8509d16e201509d1a934d000a', '8a8181a95b655263015b74dd20540084');
INSERT INTO `alone_auth_postaction` VALUES ('8a8181a95b655263015b74dd82ed00af', '40288b854a38974f014a38bf10fc0030', '8a8181a95b655263015b74dd20540084');
INSERT INTO `alone_auth_postaction` VALUES ('8a8181a95b655263015b74dd82ed00ae', '40288b854a38974f014a38beae79002e', '8a8181a95b655263015b74dd20540084');
INSERT INTO `alone_auth_postaction` VALUES ('8a8181a95b655263015b74dd82ed00ad', '40288b854a38974f014a38be1805002c', '8a8181a95b655263015b74dd20540084');
INSERT INTO `alone_auth_postaction` VALUES ('8a8181a95b655263015b74dd82ed00ac', '40288b854a50d918014a50def0aa000a', '8a8181a95b655263015b74dd20540084');
INSERT INTO `alone_auth_postaction` VALUES ('8a8181a95b655263015b74dd82ed00ab', '40288b854a50d918014a50dc82980004', '8a8181a95b655263015b74dd20540084');
INSERT INTO `alone_auth_postaction` VALUES ('8a8181a95b655263015b74dd82ed00aa', '40288b854a38974f014a38b93d0a0023', '8a8181a95b655263015b74dd20540084');
INSERT INTO `alone_auth_postaction` VALUES ('8a8181a95b655263015b74dd82ed00a9', '8a2831b3573c10d0015741b2273c0019', '8a8181a95b655263015b74dd20540084');
INSERT INTO `alone_auth_postaction` VALUES ('8a8181a95b655263015b74dd82ed00a8', '40288b854a38974f014a38bd26a0002b', '8a8181a95b655263015b74dd20540084');
INSERT INTO `alone_auth_postaction` VALUES ('8a8181a95b655263015b74dd82ed00a7', '40288b854a38974f014a38bb431b0029', '8a8181a95b655263015b74dd20540084');
INSERT INTO `alone_auth_postaction` VALUES ('8a8181a95b655263015b74dd82ed00a6', '40288b854a38974f014a38bafb830027', '8a8181a95b655263015b74dd20540084');
INSERT INTO `alone_auth_postaction` VALUES ('8a8181a95b655263015b74dd82ed00a5', '40288b854a38974f014a38b3a6700018', '8a8181a95b655263015b74dd20540084');
INSERT INTO `alone_auth_postaction` VALUES ('8a8181a95b655263015b74dd82ed00a4', '402888a84f835c36014f835f72cb000e', '8a8181a95b655263015b74dd20540084');
INSERT INTO `alone_auth_postaction` VALUES ('8a8181a95b655263015b74dd82ed00a3', '402888ac506eb41b01506fa9b0a30027', '8a8181a95b655263015b74dd20540084');
INSERT INTO `alone_auth_postaction` VALUES ('8a8181a95b655263015b74dd82ed00a2', '40288b854a38408e014a384c4f3c0002', '8a8181a95b655263015b74dd20540084');
INSERT INTO `alone_auth_postaction` VALUES ('8a8181a95b655263015b74dd82ed00bf', '8a2831b355de72390155de787d000015', '8a8181a95b655263015b74dd20540084');
INSERT INTO `alone_auth_postaction` VALUES ('8a8181a95b655263015b74dd82ed00c0', '8a2831b35ac74f63015ae4710d6a005b', '8a8181a95b655263015b74dd20540084');
INSERT INTO `alone_auth_postaction` VALUES ('8a8181a95b655263015b74dd82ed00c1', '8a2831b3577bd11201578a0a22ef0036', '8a8181a95b655263015b74dd20540084');
INSERT INTO `alone_auth_postaction` VALUES ('8a8181a95b655263015b74dd82ed00c2', '402894ca4ae0e797014ae1ab12120032', '8a8181a95b655263015b74dd20540084');
INSERT INTO `alone_auth_postaction` VALUES ('8a8181a95b655263015b74dd82ed00c3', '8a2831b35ac74f63015ae47881d30060', '8a8181a95b655263015b74dd20540084');
INSERT INTO `alone_auth_postaction` VALUES ('8a8181a95b75b2f2015b75b612700008', '40288b854a38408e014a384c4f3c0002', '8a8181a95b75b2f2015b75b5e5a60007');
INSERT INTO `alone_auth_postaction` VALUES ('8a8181a95b75b2f2015b75b612700009', '402888ac506eb41b01506fa9b0a30027', '8a8181a95b75b2f2015b75b5e5a60007');
INSERT INTO `alone_auth_postaction` VALUES ('8a8181a95b75b2f2015b75b61270000a', '402888a84f835c36014f835f72cb000e', '8a8181a95b75b2f2015b75b5e5a60007');
INSERT INTO `alone_auth_postaction` VALUES ('8a8181a95b75b2f2015b75b61270000b', '40288b854a38974f014a38b3a6700018', '8a8181a95b75b2f2015b75b5e5a60007');
INSERT INTO `alone_auth_postaction` VALUES ('8a8181a95b75b2f2015b75b61270000c', '40288b854a38974f014a38bafb830027', '8a8181a95b75b2f2015b75b5e5a60007');
INSERT INTO `alone_auth_postaction` VALUES ('8a8181a95b75b2f2015b75b61270000d', '40288b854a38974f014a38bb431b0029', '8a8181a95b75b2f2015b75b5e5a60007');
INSERT INTO `alone_auth_postaction` VALUES ('8a8181a95b75b2f2015b75b61270000e', '40288b854a38974f014a38bd26a0002b', '8a8181a95b75b2f2015b75b5e5a60007');
INSERT INTO `alone_auth_postaction` VALUES ('8a8181a95b75b2f2015b75b61270000f', '8a2831b3573c10d0015741b2273c0019', '8a8181a95b75b2f2015b75b5e5a60007');
INSERT INTO `alone_auth_postaction` VALUES ('8a8181a95b75b2f2015b75b612700010', '40288b854a38974f014a38b93d0a0023', '8a8181a95b75b2f2015b75b5e5a60007');
INSERT INTO `alone_auth_postaction` VALUES ('8a8181a95b75b2f2015b75b612700011', '40288b854a50d918014a50dc82980004', '8a8181a95b75b2f2015b75b5e5a60007');
INSERT INTO `alone_auth_postaction` VALUES ('8a8181a95b75b2f2015b75b612700012', '40288b854a50d918014a50def0aa000a', '8a8181a95b75b2f2015b75b5e5a60007');
INSERT INTO `alone_auth_postaction` VALUES ('8a8181a95b75b2f2015b75b612700013', '40288b854a38974f014a38be1805002c', '8a8181a95b75b2f2015b75b5e5a60007');
INSERT INTO `alone_auth_postaction` VALUES ('8a8181a95b75b2f2015b75b612700014', '40288b854a38974f014a38beae79002e', '8a8181a95b75b2f2015b75b5e5a60007');
INSERT INTO `alone_auth_postaction` VALUES ('8a8181a95b75b2f2015b75b612700015', '40288b854a38974f014a38bf10fc0030', '8a8181a95b75b2f2015b75b5e5a60007');
INSERT INTO `alone_auth_postaction` VALUES ('8a8181a95b75b2f2015b75b612700016', '402888a8509d16e201509d1a934d000a', '8a8181a95b75b2f2015b75b5e5a60007');
INSERT INTO `alone_auth_postaction` VALUES ('8a8181a95b75b2f2015b75b612700017', '402888a850bcceeb0150bcd86c2e000a', '8a8181a95b75b2f2015b75b5e5a60007');
INSERT INTO `alone_auth_postaction` VALUES ('8a8181a95b75b2f2015b75b612700018', '8a2831b35ac74f63015ae472c7ca005c', '8a8181a95b75b2f2015b75b5e5a60007');
INSERT INTO `alone_auth_postaction` VALUES ('8a8181a95b75b2f2015b75b612700019', '402894ca4a9a155d014a9a1790810004', '8a8181a95b75b2f2015b75b5e5a60007');
INSERT INTO `alone_auth_postaction` VALUES ('8a8181a95b75b2f2015b75b61270001a', '402894ca4a9a155d014a9a1a8de3000c', '8a8181a95b75b2f2015b75b5e5a60007');
INSERT INTO `alone_auth_postaction` VALUES ('8a8181a95b75b2f2015b75b61280001b', '402888a84f970dad014f971545c3000a', '8a8181a95b75b2f2015b75b5e5a60007');
INSERT INTO `alone_auth_postaction` VALUES ('8a8181a95b75b2f2015b75b61280001c', '402888a850472ac50150472e2d14000a', '8a8181a95b75b2f2015b75b5e5a60007');
INSERT INTO `alone_auth_postaction` VALUES ('8a8181a95b75b2f2015b75b61280001d', '402894ca4a9a155d014a9a16561d0002', '8a8181a95b75b2f2015b75b5e5a60007');
INSERT INTO `alone_auth_postaction` VALUES ('8a8181a95b75b2f2015b75b61280001e', '402889ac5b2782a6015b281052a50061', '8a8181a95b75b2f2015b75b5e5a60007');
INSERT INTO `alone_auth_postaction` VALUES ('8a8181a95b75b2f2015b75b61280001f', '8a2831b3563f530701563f5821e40001', '8a8181a95b75b2f2015b75b5e5a60007');
INSERT INTO `alone_auth_postaction` VALUES ('8a8181a95b75b2f2015b75b612800020', '402894ca4a9a155d014a9a1905200008', '8a8181a95b75b2f2015b75b5e5a60007');
INSERT INTO `alone_auth_postaction` VALUES ('8a8181a95b75b2f2015b75b612800021', '402894ca4a9a155d014a9a1afe60000e', '8a8181a95b75b2f2015b75b5e5a60007');
INSERT INTO `alone_auth_postaction` VALUES ('8a8181a95b75b2f2015b75b612800022', '8a2831b35ac74f63015ae46fbe760059', '8a8181a95b75b2f2015b75b5e5a60007');
INSERT INTO `alone_auth_postaction` VALUES ('8a8181a95b75b2f2015b75b612800023', '8a2831b35ac74f63015ae477e873005e', '8a8181a95b75b2f2015b75b5e5a60007');
INSERT INTO `alone_auth_postaction` VALUES ('8a8181a95b75b2f2015b75b612800024', '8a2831b355de72390155de777b700013', '8a8181a95b75b2f2015b75b5e5a60007');
INSERT INTO `alone_auth_postaction` VALUES ('8a8181a95b75b2f2015b75b612800025', '8a2831b355de72390155de787d000015', '8a8181a95b75b2f2015b75b5e5a60007');
INSERT INTO `alone_auth_postaction` VALUES ('8a8181a95b75b2f2015b75b612800026', '8a2831b35ac74f63015ae4710d6a005b', '8a8181a95b75b2f2015b75b5e5a60007');
INSERT INTO `alone_auth_postaction` VALUES ('8a8181a95b75b2f2015b75b612800027', '8a2831b3577bd11201578a0a22ef0036', '8a8181a95b75b2f2015b75b5e5a60007');
INSERT INTO `alone_auth_postaction` VALUES ('8a8181a95b75b2f2015b75b612800028', '402894ca4ae0e797014ae1ab12120032', '8a8181a95b75b2f2015b75b5e5a60007');
INSERT INTO `alone_auth_postaction` VALUES ('8a8181a95b75b2f2015b75b612800029', '8a2831b35ac74f63015ae47881d30060', '8a8181a95b75b2f2015b75b5e5a60007');
INSERT INTO `alone_auth_postaction` VALUES ('8a8181a95b75bfcb015b7ad5ca4a0116', '40288b854a38408e014a384c4f3c0002', '8a8181a95b75bfcb015b7ad598810115');
INSERT INTO `alone_auth_postaction` VALUES ('8a8181a95b75bfcb015b7ad5ca4a0117', '402888ac506eb41b01506fa9b0a30027', '8a8181a95b75bfcb015b7ad598810115');
INSERT INTO `alone_auth_postaction` VALUES ('8a8181a95b75bfcb015b7ad5ca4a0118', '402888a84f835c36014f835f72cb000e', '8a8181a95b75bfcb015b7ad598810115');
INSERT INTO `alone_auth_postaction` VALUES ('8a8181a95b75bfcb015b7ad5ca4a0119', '40288b854a38974f014a38b3a6700018', '8a8181a95b75bfcb015b7ad598810115');
INSERT INTO `alone_auth_postaction` VALUES ('8a8181a95b75bfcb015b7ad5ca4a011a', '40288b854a38974f014a38bafb830027', '8a8181a95b75bfcb015b7ad598810115');
INSERT INTO `alone_auth_postaction` VALUES ('8a8181a95b75bfcb015b7ad5ca4a011b', '40288b854a38974f014a38bb431b0029', '8a8181a95b75bfcb015b7ad598810115');
INSERT INTO `alone_auth_postaction` VALUES ('8a8181a95b75bfcb015b7ad5ca4a011c', '40288b854a38974f014a38bd26a0002b', '8a8181a95b75bfcb015b7ad598810115');
INSERT INTO `alone_auth_postaction` VALUES ('8a8181a95b75bfcb015b7ad5ca4a011d', '8a2831b3573c10d0015741b2273c0019', '8a8181a95b75bfcb015b7ad598810115');
INSERT INTO `alone_auth_postaction` VALUES ('8a8181a95b75bfcb015b7ad5ca4a011e', '40288b854a38974f014a38b93d0a0023', '8a8181a95b75bfcb015b7ad598810115');
INSERT INTO `alone_auth_postaction` VALUES ('8a8181a95b75bfcb015b7ad5ca4a011f', '40288b854a50d918014a50dc82980004', '8a8181a95b75bfcb015b7ad598810115');
INSERT INTO `alone_auth_postaction` VALUES ('8a8181a95b75bfcb015b7ad5ca4a0120', '40288b854a50d918014a50def0aa000a', '8a8181a95b75bfcb015b7ad598810115');
INSERT INTO `alone_auth_postaction` VALUES ('8a8181a95b75bfcb015b7ad5ca4a0121', '40288b854a38974f014a38be1805002c', '8a8181a95b75bfcb015b7ad598810115');
INSERT INTO `alone_auth_postaction` VALUES ('8a8181a95b75bfcb015b7ad5ca4a0122', '40288b854a38974f014a38beae79002e', '8a8181a95b75bfcb015b7ad598810115');
INSERT INTO `alone_auth_postaction` VALUES ('8a8181a95b75bfcb015b7ad5ca4a0123', '40288b854a38974f014a38bf10fc0030', '8a8181a95b75bfcb015b7ad598810115');
INSERT INTO `alone_auth_postaction` VALUES ('8a8181a95b75bfcb015b7ad5ca4a0124', '402888a8509d16e201509d1a934d000a', '8a8181a95b75bfcb015b7ad598810115');
INSERT INTO `alone_auth_postaction` VALUES ('8a8181a95b75bfcb015b7ad5ca4a0125', '402888a850bcceeb0150bcd86c2e000a', '8a8181a95b75bfcb015b7ad598810115');
INSERT INTO `alone_auth_postaction` VALUES ('8a8181a95b75bfcb015b7ad5ca4a0126', '8a2831b35ac74f63015ae472c7ca005c', '8a8181a95b75bfcb015b7ad598810115');
INSERT INTO `alone_auth_postaction` VALUES ('8a8181a95b75bfcb015b7ad5ca4a0127', '402894ca4a9a155d014a9a1790810004', '8a8181a95b75bfcb015b7ad598810115');
INSERT INTO `alone_auth_postaction` VALUES ('8a8181a95b75bfcb015b7ad5ca4a0128', '402894ca4a9a155d014a9a1a8de3000c', '8a8181a95b75bfcb015b7ad598810115');
INSERT INTO `alone_auth_postaction` VALUES ('8a8181a95b75bfcb015b7ad5ca4a0129', '402888a84f970dad014f971545c3000a', '8a8181a95b75bfcb015b7ad598810115');
INSERT INTO `alone_auth_postaction` VALUES ('8a8181a95b75bfcb015b7ad5ca4a012a', '402888a850472ac50150472e2d14000a', '8a8181a95b75bfcb015b7ad598810115');
INSERT INTO `alone_auth_postaction` VALUES ('8a8181a95b75bfcb015b7ad5ca4a012b', '402894ca4a9a155d014a9a16561d0002', '8a8181a95b75bfcb015b7ad598810115');
INSERT INTO `alone_auth_postaction` VALUES ('8a8181a95b75bfcb015b7ad5ca4a012c', '402889ac5b2782a6015b281052a50061', '8a8181a95b75bfcb015b7ad598810115');
INSERT INTO `alone_auth_postaction` VALUES ('8a8181a95b75bfcb015b7ad5ca4a012d', '8a2831b3563f530701563f5821e40001', '8a8181a95b75bfcb015b7ad598810115');
INSERT INTO `alone_auth_postaction` VALUES ('8a8181a95b75bfcb015b7ad5ca4a012e', '402894ca4a9a155d014a9a1905200008', '8a8181a95b75bfcb015b7ad598810115');
INSERT INTO `alone_auth_postaction` VALUES ('8a8181a95b75bfcb015b7ad5ca5a012f', '402894ca4a9a155d014a9a1afe60000e', '8a8181a95b75bfcb015b7ad598810115');
INSERT INTO `alone_auth_postaction` VALUES ('8a8181a95b75bfcb015b7ad5ca5a0130', '8a2831b35ac74f63015ae46fbe760059', '8a8181a95b75bfcb015b7ad598810115');
INSERT INTO `alone_auth_postaction` VALUES ('8a8181a95b75bfcb015b7ad5ca5a0131', '8a2831b35ac74f63015ae477e873005e', '8a8181a95b75bfcb015b7ad598810115');
INSERT INTO `alone_auth_postaction` VALUES ('8a8181a95b75bfcb015b7ad5ca5a0132', '8a2831b355de72390155de777b700013', '8a8181a95b75bfcb015b7ad598810115');
INSERT INTO `alone_auth_postaction` VALUES ('8a8181a95b75bfcb015b7ad5ca5a0133', '8a2831b355de72390155de787d000015', '8a8181a95b75bfcb015b7ad598810115');
INSERT INTO `alone_auth_postaction` VALUES ('8a8181a95b75bfcb015b7ad5ca5a0134', '8a2831b35ac74f63015ae4710d6a005b', '8a8181a95b75bfcb015b7ad598810115');
INSERT INTO `alone_auth_postaction` VALUES ('8a8181a95b75bfcb015b7ad5ca5a0135', '8a2831b3577bd11201578a0a22ef0036', '8a8181a95b75bfcb015b7ad598810115');
INSERT INTO `alone_auth_postaction` VALUES ('8a8181a95b75bfcb015b7ad5ca5a0136', '402894ca4ae0e797014ae1ab12120032', '8a8181a95b75bfcb015b7ad598810115');
INSERT INTO `alone_auth_postaction` VALUES ('8a8181a95b75bfcb015b7ad5ca5a0137', '8a2831b35ac74f63015ae47881d30060', '8a8181a95b75bfcb015b7ad598810115');
INSERT INTO `alone_auth_postaction` VALUES ('8a8181a95b75bfcb015b7f1be2ba08fe', '40288b854a38974f014a38be1805002c', '8a8181a95b75bfcb015b7b8203de06cc');
INSERT INTO `alone_auth_postaction` VALUES ('8a8181a95b75bfcb015b7f1be2ba08ff', '40288b854a38974f014a38beae79002e', '8a8181a95b75bfcb015b7b8203de06cc');
INSERT INTO `alone_auth_postaction` VALUES ('8a8181a95b75bfcb015b7f1be2ba0900', '40288b854a38974f014a38bf10fc0030', '8a8181a95b75bfcb015b7b8203de06cc');
INSERT INTO `alone_auth_postaction` VALUES ('8a8181a95b75bfcb015b7f1be2ba0901', '402888a8509d16e201509d1a934d000a', '8a8181a95b75bfcb015b7b8203de06cc');
INSERT INTO `alone_auth_postaction` VALUES ('8a8181a95b75bfcb015b7f1be2ba0902', '402888a850bcceeb0150bcd86c2e000a', '8a8181a95b75bfcb015b7b8203de06cc');
INSERT INTO `alone_auth_postaction` VALUES ('8a8181a95b75bfcb015b7f1be2ba0903', '8a2831b35ac74f63015ae472c7ca005c', '8a8181a95b75bfcb015b7b8203de06cc');
INSERT INTO `alone_auth_postaction` VALUES ('8a8181a95b75bfcb015b7f1be2ba0904', '402894ca4a9a155d014a9a1790810004', '8a8181a95b75bfcb015b7b8203de06cc');
INSERT INTO `alone_auth_postaction` VALUES ('8a8181a95b75bfcb015b7f1be2ba0905', '402894ca4a9a155d014a9a1a8de3000c', '8a8181a95b75bfcb015b7b8203de06cc');
INSERT INTO `alone_auth_postaction` VALUES ('8a8181a95b75bfcb015b7f1be2ba0906', '402888a84f970dad014f971545c3000a', '8a8181a95b75bfcb015b7b8203de06cc');
INSERT INTO `alone_auth_postaction` VALUES ('8a8181a95b75bfcb015b7f1be2ba0907', '402888a850472ac50150472e2d14000a', '8a8181a95b75bfcb015b7b8203de06cc');
INSERT INTO `alone_auth_postaction` VALUES ('8a8181a95b75bfcb015b7f1be2ba0908', '402894ca4a9a155d014a9a16561d0002', '8a8181a95b75bfcb015b7b8203de06cc');
INSERT INTO `alone_auth_postaction` VALUES ('8a8181a95b75bfcb015b7f1be2ba0909', '402889ac5b2782a6015b281052a50061', '8a8181a95b75bfcb015b7b8203de06cc');
INSERT INTO `alone_auth_postaction` VALUES ('8a8181a95b75bfcb015b7f1be2ba090a', '8a2831b3563f530701563f5821e40001', '8a8181a95b75bfcb015b7b8203de06cc');
INSERT INTO `alone_auth_postaction` VALUES ('8a8181a95b75bfcb015b7f1be2ba090b', '402894ca4a9a155d014a9a1905200008', '8a8181a95b75bfcb015b7b8203de06cc');
INSERT INTO `alone_auth_postaction` VALUES ('8a8181a95b75bfcb015b7f1be2ba090c', '402894ca4a9a155d014a9a1afe60000e', '8a8181a95b75bfcb015b7b8203de06cc');
INSERT INTO `alone_auth_postaction` VALUES ('8a8181a95b75bfcb015b7f1be2ba090d', '8a2831b35ac74f63015ae46fbe760059', '8a8181a95b75bfcb015b7b8203de06cc');
INSERT INTO `alone_auth_postaction` VALUES ('8a8181a95b75bfcb015b7f1be2ba090e', '8a2831b35ac74f63015ae477e873005e', '8a8181a95b75bfcb015b7b8203de06cc');
INSERT INTO `alone_auth_postaction` VALUES ('8a8181a95b75bfcb015b7f1be2ba090f', '8a2831b355de72390155de777b700013', '8a8181a95b75bfcb015b7b8203de06cc');
INSERT INTO `alone_auth_postaction` VALUES ('8a8181a95b75bfcb015b7f1be2ba0910', '8a2831b355de72390155de787d000015', '8a8181a95b75bfcb015b7b8203de06cc');
INSERT INTO `alone_auth_postaction` VALUES ('8a8181a95b75bfcb015b7f1be2ba0911', '8a2831b35ac74f63015ae4710d6a005b', '8a8181a95b75bfcb015b7b8203de06cc');
INSERT INTO `alone_auth_postaction` VALUES ('8a8181a95b75bfcb015b7f1be2ba0912', '8a2831b3577bd11201578a0a22ef0036', '8a8181a95b75bfcb015b7b8203de06cc');
INSERT INTO `alone_auth_postaction` VALUES ('8a8181a95b75bfcb015b7f1be2ba0913', '402894ca4ae0e797014ae1ab12120032', '8a8181a95b75bfcb015b7b8203de06cc');
INSERT INTO `alone_auth_postaction` VALUES ('8a8181a95b75bfcb015b7f1be2ba0914', '8a2831b35ac74f63015ae47881d30060', '8a8181a95b75bfcb015b7b8203de06cc');
INSERT INTO `alone_auth_postaction` VALUES ('8a8181a95b9e620c015ba3d77afd0673', '40288b854a38974f014a38be1805002c', '8a8181a95b9e620c015ba3d70d9b0671');
INSERT INTO `alone_auth_postaction` VALUES ('8a8181a95b9e620c015ba3d77afd0674', '40288b854a38974f014a38beae79002e', '8a8181a95b9e620c015ba3d70d9b0671');
INSERT INTO `alone_auth_postaction` VALUES ('8a8181a95b9e620c015ba3d77afd0675', '40288b854a38974f014a38bf10fc0030', '8a8181a95b9e620c015ba3d70d9b0671');
INSERT INTO `alone_auth_postaction` VALUES ('8a8181a95b9e620c015ba3d77afd0676', '402888a8509d16e201509d1a934d000a', '8a8181a95b9e620c015ba3d70d9b0671');
INSERT INTO `alone_auth_postaction` VALUES ('8a8181a95b9e620c015ba3d77afd0677', '402888a850bcceeb0150bcd86c2e000a', '8a8181a95b9e620c015ba3d70d9b0671');
INSERT INTO `alone_auth_postaction` VALUES ('8a8181a95b9e620c015ba3d77afd0678', '8a2831b35ac74f63015ae472c7ca005c', '8a8181a95b9e620c015ba3d70d9b0671');
INSERT INTO `alone_auth_postaction` VALUES ('8a8181a95b9e620c015ba3d77afd0679', '402894ca4a9a155d014a9a1790810004', '8a8181a95b9e620c015ba3d70d9b0671');
INSERT INTO `alone_auth_postaction` VALUES ('8a8181a95b9e620c015ba3d77afd067a', '402894ca4a9a155d014a9a1a8de3000c', '8a8181a95b9e620c015ba3d70d9b0671');
INSERT INTO `alone_auth_postaction` VALUES ('8a8181a95b9e620c015ba3d77afd067b', '402888a84f970dad014f971545c3000a', '8a8181a95b9e620c015ba3d70d9b0671');
INSERT INTO `alone_auth_postaction` VALUES ('8a8181a95b9e620c015ba3d77afd067c', '402888a850472ac50150472e2d14000a', '8a8181a95b9e620c015ba3d70d9b0671');
INSERT INTO `alone_auth_postaction` VALUES ('8a8181a95b9e620c015ba3d77afd067d', '402894ca4a9a155d014a9a16561d0002', '8a8181a95b9e620c015ba3d70d9b0671');
INSERT INTO `alone_auth_postaction` VALUES ('8a8181a95b9e620c015ba3d77b0c067e', '402889ac5b2782a6015b281052a50061', '8a8181a95b9e620c015ba3d70d9b0671');
INSERT INTO `alone_auth_postaction` VALUES ('8a8181a95b9e620c015ba3d77b0c067f', '8a2831b3563f530701563f5821e40001', '8a8181a95b9e620c015ba3d70d9b0671');
INSERT INTO `alone_auth_postaction` VALUES ('8a8181a95b9e620c015ba3d77b0c0680', '402894ca4a9a155d014a9a1905200008', '8a8181a95b9e620c015ba3d70d9b0671');
INSERT INTO `alone_auth_postaction` VALUES ('8a8181a95b9e620c015ba3d77b0c0681', '402894ca4a9a155d014a9a1afe60000e', '8a8181a95b9e620c015ba3d70d9b0671');
INSERT INTO `alone_auth_postaction` VALUES ('8a8181a95b9e620c015ba3d77b0c0682', '8a2831b35ac74f63015ae46fbe760059', '8a8181a95b9e620c015ba3d70d9b0671');
INSERT INTO `alone_auth_postaction` VALUES ('8a8181a95b9e620c015ba3d77b0c0683', '8a2831b35ac74f63015ae477e873005e', '8a8181a95b9e620c015ba3d70d9b0671');
INSERT INTO `alone_auth_postaction` VALUES ('8a8181a95b9e620c015ba3d77b0c0684', '8a2831b355de72390155de777b700013', '8a8181a95b9e620c015ba3d70d9b0671');
INSERT INTO `alone_auth_postaction` VALUES ('8a8181a95b9e620c015ba3d77b0c0685', '8a2831b355de72390155de787d000015', '8a8181a95b9e620c015ba3d70d9b0671');
INSERT INTO `alone_auth_postaction` VALUES ('8a8181a95b9e620c015ba3d77b0c0686', '8a2831b35ac74f63015ae4710d6a005b', '8a8181a95b9e620c015ba3d70d9b0671');
INSERT INTO `alone_auth_postaction` VALUES ('8a8181a95b9e620c015ba3d77b0c0687', '8a2831b3577bd11201578a0a22ef0036', '8a8181a95b9e620c015ba3d70d9b0671');
INSERT INTO `alone_auth_postaction` VALUES ('8a8181a95b9e620c015ba3d77b0c0688', '402894ca4ae0e797014ae1ab12120032', '8a8181a95b9e620c015ba3d70d9b0671');
INSERT INTO `alone_auth_postaction` VALUES ('8a8181a95b9e620c015ba3d77b0c0689', '8a2831b35ac74f63015ae47881d30060', '8a8181a95b9e620c015ba3d70d9b0671');
INSERT INTO `alone_auth_postaction` VALUES ('2c909b2b602c54c801602c6f82bf0009', '40288b854a38974f014a38be1805002c', '2c909b2b602c54c801602c6e5f4e0005');
INSERT INTO `alone_auth_postaction` VALUES ('2c909b2b602c54c801602c6f82bf000a', '402888a8509d16e201509d1a934d000a', '2c909b2b602c54c801602c6e5f4e0005');
INSERT INTO `alone_auth_postaction` VALUES ('2c909b2b602c54c801602c6f82bf000b', '402888a850bcceeb0150bcd86c2e000a', '2c909b2b602c54c801602c6e5f4e0005');
INSERT INTO `alone_auth_postaction` VALUES ('2c909b2b602c54c801602c6f82bf000c', '402889ac5fbd8ef3015fbd954fea0002', '2c909b2b602c54c801602c6e5f4e0005');
INSERT INTO `alone_auth_postaction` VALUES ('2c909b2b602c54c801602c6f82bf000d', '8a2831b35ac74f63015ae472c7ca005c', '2c909b2b602c54c801602c6e5f4e0005');
INSERT INTO `alone_auth_postaction` VALUES ('2c909b2b602c54c801602c6f82bf000e', '402894ca4a9a155d014a9a1790810004', '2c909b2b602c54c801602c6e5f4e0005');
INSERT INTO `alone_auth_postaction` VALUES ('2c909b2b602c54c801602c6f82bf000f', '402880f65ddb5c65015ddb5f8a5d0002', '2c909b2b602c54c801602c6e5f4e0005');
INSERT INTO `alone_auth_postaction` VALUES ('2c909b2b602c54c801602c6f82bf0010', '402888a850472ac50150472e2d14000a', '2c909b2b602c54c801602c6e5f4e0005');
INSERT INTO `alone_auth_postaction` VALUES ('2c909b2b602c54c801602c6f82bf0011', '402894ca4a9a155d014a9a16561d0002', '2c909b2b602c54c801602c6e5f4e0005');
INSERT INTO `alone_auth_postaction` VALUES ('2c909b2b602c54c801602c6f82bf0012', '402889ac5b2782a6015b281052a50061', '2c909b2b602c54c801602c6e5f4e0005');
INSERT INTO `alone_auth_postaction` VALUES ('2c909b2b602c54c801602c6f82bf0013', '8a2831b3563f530701563f5821e40001', '2c909b2b602c54c801602c6e5f4e0005');
INSERT INTO `alone_auth_postaction` VALUES ('2c909b2b602c54c801602c6f82bf0014', '402894ca4a9a155d014a9a1905200008', '2c909b2b602c54c801602c6e5f4e0005');
INSERT INTO `alone_auth_postaction` VALUES ('2c909b2b602c54c801602c6f82bf0015', '402889ac5bfb0c93015bfb42f2d30001', '2c909b2b602c54c801602c6e5f4e0005');
INSERT INTO `alone_auth_postaction` VALUES ('2c909b2b602c54c801602c6f82bf0016', '8a2831b35ac74f63015ae46fbe760059', '2c909b2b602c54c801602c6e5f4e0005');
INSERT INTO `alone_auth_postaction` VALUES ('2c909b2b602c54c801602c6f82bf0017', '8a2831b35ac74f63015ae477e873005e', '2c909b2b602c54c801602c6e5f4e0005');
INSERT INTO `alone_auth_postaction` VALUES ('2c909b2b602c54c801602c6f82bf0018', '8a2831b355de72390155de777b700013', '2c909b2b602c54c801602c6e5f4e0005');
INSERT INTO `alone_auth_postaction` VALUES ('2c909b2b602c54c801602c6f82bf0019', '8a2831b355de72390155de787d000015', '2c909b2b602c54c801602c6e5f4e0005');
INSERT INTO `alone_auth_postaction` VALUES ('2c909b2b602c54c801602c6f82bf001a', '8a2831b35ac74f63015ae4710d6a005b', '2c909b2b602c54c801602c6e5f4e0005');
INSERT INTO `alone_auth_postaction` VALUES ('2c909b2b602c54c801602c6f82bf001b', '8a2831b3577bd11201578a0a22ef0036', '2c909b2b602c54c801602c6e5f4e0005');
INSERT INTO `alone_auth_postaction` VALUES ('2c909b2b602c54c801602c6f82bf001c', '402894ca4ae0e797014ae1ab12120032', '2c909b2b602c54c801602c6e5f4e0005');
INSERT INTO `alone_auth_postaction` VALUES ('2c909b2b602c54c801602c6f82bf001d', '8a2831b35ac74f63015ae47881d30060', '2c909b2b602c54c801602c6e5f4e0005');
INSERT INTO `alone_auth_postaction` VALUES ('2c909b2b602c54c801602c6f82bf001e', '402889ac5fc2b9a6015fc2c34e9a0002', '2c909b2b602c54c801602c6e5f4e0005');
INSERT INTO `alone_auth_postaction` VALUES ('2c909b2b667bb57401667bc54d2a008a', '40288b854a38974f014a38be1805002c', '2c909b2b667bb57401667bc4bd4e0088');
INSERT INTO `alone_auth_postaction` VALUES ('2c909b2b667bb57401667bc54d2a008b', '402888a8509d16e201509d1a934d000a', '2c909b2b667bb57401667bc4bd4e0088');
INSERT INTO `alone_auth_postaction` VALUES ('2c909b2b667bb57401667bc54d2a008c', '402888a850bcceeb0150bcd86c2e000a', '2c909b2b667bb57401667bc4bd4e0088');
INSERT INTO `alone_auth_postaction` VALUES ('2c909b2b667bb57401667bc54d2a008d', '402889ac5fbd8ef3015fbd954fea0002', '2c909b2b667bb57401667bc4bd4e0088');
INSERT INTO `alone_auth_postaction` VALUES ('2c909b2b667bb57401667bc54d2a008e', '40288918646e990f01646ea253fb0002', '2c909b2b667bb57401667bc4bd4e0088');
INSERT INTO `alone_auth_postaction` VALUES ('2c909b2b667bb57401667bc54d2a008f', '8a2831b35ac74f63015ae472c7ca005c', '2c909b2b667bb57401667bc4bd4e0088');
INSERT INTO `alone_auth_postaction` VALUES ('2c909b2b667bb57401667bc54d2a0090', '402894ca4a9a155d014a9a1790810004', '2c909b2b667bb57401667bc4bd4e0088');
INSERT INTO `alone_auth_postaction` VALUES ('2c909b2b667bb57401667bc54d2a0091', '402894ca4a9a155d014a9a1a8de3000c', '2c909b2b667bb57401667bc4bd4e0088');
INSERT INTO `alone_auth_postaction` VALUES ('2c909b2b667bb57401667bc54d2a0092', '402880f65ddb5c65015ddb5f8a5d0002', '2c909b2b667bb57401667bc4bd4e0088');
INSERT INTO `alone_auth_postaction` VALUES ('2c909b2b667bb57401667bc54d2a0093', '40288918651238b201651244b6c70002', '2c909b2b667bb57401667bc4bd4e0088');
INSERT INTO `alone_auth_postaction` VALUES ('2c909b2b667bb57401667bc54d2a0094', '402888a84f970dad014f971545c3000a', '2c909b2b667bb57401667bc4bd4e0088');
INSERT INTO `alone_auth_postaction` VALUES ('2c909b2b667bb57401667bc54d2a0095', '402888a850472ac50150472e2d14000a', '2c909b2b667bb57401667bc4bd4e0088');
INSERT INTO `alone_auth_postaction` VALUES ('2c909b2b667bb57401667bc54d2a0096', '402894ca4a9a155d014a9a16561d0002', '2c909b2b667bb57401667bc4bd4e0088');
INSERT INTO `alone_auth_postaction` VALUES ('2c909b2b667bb57401667bc54d2a0097', '402889ac5b2782a6015b281052a50061', '2c909b2b667bb57401667bc4bd4e0088');
INSERT INTO `alone_auth_postaction` VALUES ('2c909b2b667bb57401667bc54d2a0098', '8a2831b3563f530701563f5821e40001', '2c909b2b667bb57401667bc4bd4e0088');
INSERT INTO `alone_auth_postaction` VALUES ('2c909b2b667bb57401667bc54d2a0099', '402894ca4a9a155d014a9a1905200008', '2c909b2b667bb57401667bc4bd4e0088');
INSERT INTO `alone_auth_postaction` VALUES ('2c909b2b667bb57401667bc54d2a009a', '402889ac5bfb0c93015bfb42f2d30001', '2c909b2b667bb57401667bc4bd4e0088');
INSERT INTO `alone_auth_postaction` VALUES ('2c909b2b667bb57401667bc54d2a009b', '402894ca4a9a155d014a9a1afe60000e', '2c909b2b667bb57401667bc4bd4e0088');
INSERT INTO `alone_auth_postaction` VALUES ('2c909b2b667bb57401667bc54d2a009c', '402880ef65b963bd0165b965a4dc0002', '2c909b2b667bb57401667bc4bd4e0088');
INSERT INTO `alone_auth_postaction` VALUES ('2c909b2b667bb57401667bc54d2a009d', '8a2831b35ac74f63015ae46fbe760059', '2c909b2b667bb57401667bc4bd4e0088');
INSERT INTO `alone_auth_postaction` VALUES ('2c909b2b667bb57401667bc54d2a009e', '8a2831b35ac74f63015ae477e873005e', '2c909b2b667bb57401667bc4bd4e0088');
INSERT INTO `alone_auth_postaction` VALUES ('2c909b2b667bb57401667bc54d2a009f', '4028b881661e481c01661e4ad6290002', '2c909b2b667bb57401667bc4bd4e0088');
INSERT INTO `alone_auth_postaction` VALUES ('2c909b2b667bb57401667bc54d2a00a0', '8a2831b355de72390155de777b700013', '2c909b2b667bb57401667bc4bd4e0088');
INSERT INTO `alone_auth_postaction` VALUES ('2c909b2b667bb57401667bc54d2a00a1', '8a2831b355de72390155de787d000015', '2c909b2b667bb57401667bc4bd4e0088');
INSERT INTO `alone_auth_postaction` VALUES ('2c909b2b667bb57401667bc54d2a00a2', '8a2831b35ac74f63015ae4710d6a005b', '2c909b2b667bb57401667bc4bd4e0088');
INSERT INTO `alone_auth_postaction` VALUES ('2c909b2b667bb57401667bc54d2a00a3', '8a8580496053a94e016053bbba700002', '2c909b2b667bb57401667bc4bd4e0088');
INSERT INTO `alone_auth_postaction` VALUES ('2c909b2b667bb57401667bc54d2a00a4', '402894ca4ae0e797014ae1ab12120032', '2c909b2b667bb57401667bc4bd4e0088');
INSERT INTO `alone_auth_postaction` VALUES ('2c909b2b667bb57401667bc54d2a00a5', '8a2831b35ac74f63015ae47881d30060', '2c909b2b667bb57401667bc4bd4e0088');
INSERT INTO `alone_auth_postaction` VALUES ('2c909b2b667bb57401667bc54d2a00a6', '402889ac5fc2b9a6015fc2c34e9a0002', '2c909b2b667bb57401667bc4bd4e0088');
INSERT INTO `alone_auth_postaction` VALUES ('2c909b2b667bb57401667bc54d2a00a7', '8a2831b3577bd11201578a0a22ef0036', '2c909b2b667bb57401667bc4bd4e0088');
INSERT INTO `alone_auth_postaction` VALUES ('2c909b2b667bb57401667bc54d2a00a8', '8a2831b3573c10d0015741b2273c0019', '2c909b2b667bb57401667bc4bd4e0088');
INSERT INTO `alone_auth_postaction` VALUES ('2c909b2b667bb57401667bc54d2a00a9', '40288b854a38974f014a38b93d0a0023', '2c909b2b667bb57401667bc4bd4e0088');
INSERT INTO `alone_auth_postaction` VALUES ('2c909b2b667bb57401667bc54d2a00aa', '402889ac5da5d50f015da5d736110001', '2c909b2b667bb57401667bc4bd4e0088');
INSERT INTO `alone_auth_postaction` VALUES ('2c909b2b667bb57401667bc54d2a00ab', '402889ac5fc36ab9015fc3794feb0004', '2c909b2b667bb57401667bc4bd4e0088');
INSERT INTO `alone_auth_postaction` VALUES ('402881e66ed547fc016ed57fd47d0046', '8a2831b35ac74f63015ae472c7ca005c', '402881e66ed547fc016ed57f6d87003f');
INSERT INTO `alone_auth_postaction` VALUES ('402881e66ed547fc016ed57fd47e0047', '402894ca4a9a155d014a9a1a8de3000c', '402881e66ed547fc016ed57f6d87003f');

-- ----------------------------
-- Table structure for `alone_auth_user`
-- ----------------------------
DROP TABLE IF EXISTS `alone_auth_user`;
CREATE TABLE `alone_auth_user` (
  `ID` varchar(32) NOT NULL,
  `NAME` varchar(64) NOT NULL,
  `PASSWORD` varchar(32) NOT NULL COMMENT 'MD5(password+loginname)',
  `COMMENTS` varchar(128) DEFAULT NULL,
  `TYPE` char(1) DEFAULT NULL COMMENT '1:系统用户:2其他3超级用户',
  `CTIME` varchar(14) NOT NULL,
  `UTIME` varchar(14) NOT NULL,
  `CUSER` varchar(32) NOT NULL,
  `MUSER` varchar(32) NOT NULL,
  `STATE` char(1) NOT NULL,
  `LOGINNAME` varchar(64) NOT NULL,
  `LOGINTIME` varchar(14) DEFAULT NULL,
  `IMGID` varchar(32) DEFAULT NULL,
  PRIMARY KEY (`ID`)
) ENGINE=MyISAM DEFAULT CHARSET=utf8 COMMENT='InnoDB free: 12288 kB alone_user';

-- ----------------------------
-- Records of alone_auth_user
-- ----------------------------
INSERT INTO `alone_auth_user` VALUES ('40288b854a329988014a329a12f30002', '系统管理员', '6C832EDB4410D94088918F240949593F', '', '3', '20141210130925', '20200131174430', 'userId', '40288b854a329988014a329a12f30002', '1', 'sysadmin', '20201117220134', '2c902a8d735583fb0173558649330000');

-- ----------------------------
-- Table structure for `alone_auth_userorg`
-- ----------------------------
DROP TABLE IF EXISTS `alone_auth_userorg`;
CREATE TABLE `alone_auth_userorg` (
  `ID` varchar(32) NOT NULL,
  `USERID` varchar(32) NOT NULL,
  `ORGANIZATIONID` varchar(32) NOT NULL,
  PRIMARY KEY (`ID`),
  KEY `DOC_USERID` (`USERID`)
) ENGINE=InnoDB DEFAULT CHARSET=utf8 COMMENT='InnoDB free: 12288 kB; (`organizationid`) REFER `alone/alone';

-- ----------------------------
-- Records of alone_auth_userorg
-- ----------------------------

-- ----------------------------
-- Table structure for `alone_auth_userpost`
-- ----------------------------
DROP TABLE IF EXISTS `alone_auth_userpost`;
CREATE TABLE `alone_auth_userpost` (
  `ID` varchar(32) NOT NULL,
  `USERID` varchar(32) NOT NULL,
  `POSTID` varchar(32) NOT NULL,
  PRIMARY KEY (`ID`)
) ENGINE=InnoDB DEFAULT CHARSET=utf8;

-- ----------------------------
-- Records of alone_auth_userpost
-- ----------------------------

-- ----------------------------
-- Table structure for `alone_dictionary_entity`
-- ----------------------------
DROP TABLE IF EXISTS `alone_dictionary_entity`;
CREATE TABLE `alone_dictionary_entity` (
  `ID` varchar(32) NOT NULL,
  `CTIME` varchar(12) NOT NULL,
  `UTIME` varchar(12) NOT NULL,
  `CUSER` varchar(32) NOT NULL,
  `MUSER` varchar(32) NOT NULL,
  `STATE` char(1) NOT NULL DEFAULT '',
  `NAME` varchar(128) NOT NULL,
  `ENTITYINDEX` varchar(128) NOT NULL,
  `COMMENTS` varchar(128) DEFAULT NULL,
  `TYPE` char(1) NOT NULL,
  PRIMARY KEY (`ID`)
) ENGINE=InnoDB DEFAULT CHARSET=utf8 COMMENT='InnoDB free: 12288 kB';

-- ----------------------------
-- Records of alone_dictionary_entity
-- ----------------------------
INSERT INTO `alone_dictionary_entity` VALUES ('03d878673859473bb0c45c15550fd3a0', '201911152230', '201911152230', '40288b854a329988014a329a12f30002', '40288b854a329988014a329a12f30002', '0', 'byg0DQRjkhP0vllQ+zLvCzdg1Pdg+YKn', 'V6iir0l6ivY=', '{none}', '1');
INSERT INTO `alone_dictionary_entity` VALUES ('03e43dbc981f46808b8c0a81db7c8c31', '202002271022', '202002271022', '40288b854a329988014a329a12f30002', '40288b854a329988014a329a12f30002', '0', '13111058226', 'wcp-F2854', '{none}', '1');
INSERT INTO `alone_dictionary_entity` VALUES ('1f2717f390fa4031ab94edfa905dddda', '201912031851', '201912031851', '40288b854a329988014a329a12f30002', '40288b854a329988014a329a12f30002', '0', 'byg0DQRjkhP0vllQ+zLvCzdg1Pdg+YKn', 'c0HaCJMNIxQ=', '{none}', '1');
INSERT INTO `alone_dictionary_entity` VALUES ('38d88c1fe0ff49138978919861797b4a', '202004021006', '202004021006', '40288b854a329988014a329a12f30002', '40288b854a329988014a329a12f30002', '0', 'byg0DQRjkhP0vllQ+zLvCzdg1Pdg+YKn', 'wYmfCS4enGo=', '{none}', '1');
INSERT INTO `alone_dictionary_entity` VALUES ('4028841071a051660171a05507430004', '202004221320', '202004221320', '40288b854a329988014a329a12f30002', '40288b854a329988014a329a12f30002', '1', '审核知识积分授予列表', 'DOCAUDIT_POINTLIST', '{0:0, 1:1, 2:2, 3:3, 4:4, 5:5}', '1');
INSERT INTO `alone_dictionary_entity` VALUES ('402888a855ce21490155ce3ebb7f0000', '201607091401', '201607091401', '40288b854a329988014a329a12f30002', '40288b854a329988014a329a12f30002', '1', '个人简历-期望工作性质', 'RESUME_WORKNATURE', '{全职:1, 兼职:2, 实习:3}', '1');
INSERT INTO `alone_dictionary_entity` VALUES ('402888a855ce21490155ce402ec90001', '201607091402', '201607091402', '40288b854a329988014a329a12f30002', '40288b854a329988014a329a12f30002', '1', '个人简历-期望从事职业', 'RESUME_WORKOCCUPATION', '{开发:1, 测试:2, 项目经理:4}', '1');
INSERT INTO `alone_dictionary_entity` VALUES ('402888a855ce21490155ce4062ef0002', '201607091402', '201607091402', '40288b854a329988014a329a12f30002', '40288b854a329988014a329a12f30002', '1', '个人简历-期望从事行业', 'RESUME_WORKINDUSTRY', '{金融业:1, IT|通信|电子|互联网:2, 政府|非盈利机构:3, 交通|运输|物流|仓储:4, 其它:99}', '1');
INSERT INTO `alone_dictionary_entity` VALUES ('402888a855ce21490155ce409db00003', '201607091403', '201607091403', '40288b854a329988014a329a12f30002', '40288b854a329988014a329a12f30002', '1', '个人简历-工作状态', 'RESUME_WORKSTAT', '{在职:1, 离职:2}', '1');
INSERT INTO `alone_dictionary_entity` VALUES ('402888ac55c54f310155c557c10f0000', '201607072031', '201607072031', '40288b854a329988014a329a12f30002', '40288b854a329988014a329a12f30002', '1', '个人简历-性别', 'RESUME_SEX', '{男:1, 女:2}', '1');
INSERT INTO `alone_dictionary_entity` VALUES ('402888ac55c9abb00155c9b11a730000', '201607081647', '201607081647', '40288b854a329988014a329a12f30002', '40288b854a329988014a329a12f30002', '1', '个人简历-婚姻状况', 'RESUME_MARRIAGESTA', '{未婚:1, 已婚:2, 离异:3}', '1');
INSERT INTO `alone_dictionary_entity` VALUES ('402888ac55c9abb00155c9b1a65e0001', '201607081648', '201607081648', '40288b854a329988014a329a12f30002', '40288b854a329988014a329a12f30002', '1', '个人简历-海外工作/学习经历', 'RESUME_STUDYABROAD', '{有:1, 无:2}', '1');
INSERT INTO `alone_dictionary_entity` VALUES ('402888ac55c9abb00155c9b1d83e0002', '201607081648', '201607081648', '40288b854a329988014a329a12f30002', '40288b854a329988014a329a12f30002', '1', '个人简历-政治面貌', 'RESUME_ZZMM', '{中共党员(含预备党员):1, 团员:2, 群众:3, 民主党派:4, 无党派人士:5}', '1');
INSERT INTO `alone_dictionary_entity` VALUES ('402888ac55c9abb00155c9ba602a000d', '201607081658', '201607081658', '40288b854a329988014a329a12f30002', '40288b854a329988014a329a12f30002', '1', '个人简历-国籍', 'RESUME_NATIONALITY', '{中国:1, 其它:99}', '1');
INSERT INTO `alone_dictionary_entity` VALUES ('402888ac55c9abb00155c9bec52b0011', '201607081702', '201607081702', '40288b854a329988014a329a12f30002', '40288b854a329988014a329a12f30002', '1', '个人简历-证件类型', 'RESUME_OTHERTYPE', '{驾照:1, 其它:99}', '1');
INSERT INTO `alone_dictionary_entity` VALUES ('402888ac55cd984d0155cdad81b30000', '201607091122', '201607091122', '40288b854a329988014a329a12f30002', '40288b854a329988014a329a12f30002', '1', '个人简历-学历', 'RESUME_DEGREE', '{初中:4, 高中:8, 大专:12, 本科:16, 研究生:5, 博士生:20}', '1');
INSERT INTO `alone_dictionary_entity` VALUES ('402888ac55cd984d0155cdadd46f0001', '201607091122', '201607091122', '40288b854a329988014a329a12f30002', '40288b854a329988014a329a12f30002', '1', '个人简历-是否统招', 'RESUME_UNITARYIS', '{是:1, 否:2}', '1');
INSERT INTO `alone_dictionary_entity` VALUES ('402888ac55ce66e90155ce7702aa0000', '201607091502', '201607091502', '40288b854a329988014a329a12f30002', '40288b854a329988014a329a12f30002', '1', '个人简历-行业类别', 'RESUME_TYPE', '{IT:1, 房地产/建筑/建材/工程:2, 耐用消费品（服饰/纺织/皮革/家具/家电）:3, 医药/生物工程:4, 广告/会展/公关:5, 其它:99}', '1');
INSERT INTO `alone_dictionary_entity` VALUES ('402888ac55ce66e90155ce7736ed0001', '201607091502', '201607091502', '40288b854a329988014a329a12f30002', '40288b854a329988014a329a12f30002', '1', '个人简历-企业性质', 'RESUME_EPROPERTY', '{国企|央企:1, 私企:2, 外企:3, 其它:99}', '1');
INSERT INTO `alone_dictionary_entity` VALUES ('402888ac55ce66e90155ce7761670002', '201607091502', '201607091502', '40288b854a329988014a329a12f30002', '40288b854a329988014a329a12f30002', '1', '个人简历-企业规模', 'RESUME_ESCALE', '{20人以下:1, 20~100:2, 100~500:3, 500~1000:4, 1000~5000:5, 5000~10000:6, 10000人以上:7}', '1');
INSERT INTO `alone_dictionary_entity` VALUES ('402888ac55ce66e90155ce77871a0003', '201607091503', '201607091503', '40288b854a329988014a329a12f30002', '40288b854a329988014a329a12f30002', '1', '个人简历-职位月薪(税前)', 'RESUME_SALARY', '{1000以下:1, 2000~3000:2, 3000~4000:3, 4000~5000:4, 5000~7000:5, 7000~9000:7, 10000~15000:10, 15000~以上...', '1');
INSERT INTO `alone_dictionary_entity` VALUES ('402888ac55d3b5ef0155d3baf3ac0000', '201607101534', '201607101534', '40288b854a329988014a329a12f30002', '40288b854a329988014a329a12f30002', '1', '个人简历-与本人关系', 'RESUME_RELATIONTYPE', '{父母:1, 兄弟姐妹:2, 子女:3, 其他:99}', '1');
INSERT INTO `alone_dictionary_entity` VALUES ('402894ca49600f600149602141820000', '201410301617', '201410301617', '12312323123123', '12312323123123', '1', '系统菜单域', 'ALONE_MENU_DOMAIN', '{前台:HOME}', '1');
INSERT INTO `alone_dictionary_entity` VALUES ('402894ca4add11f6014add1ad9cd000e', '201501121545', '201501121545', '40288b854a329988014a329a12f30002', '40288b854a329988014a329a12f30002', '1', '计划任务标签', 'PLAN_TAGS', '{日程:日程, 错误修复:错误修复}', '1');
INSERT INTO `alone_dictionary_entity` VALUES ('4028b8816d869aaf016d86c36f83003c', '201910011800', '201910012140', '40288b854a329988014a329a12f30002', '40288b854a329988014a329a12f30002', '1', '測試树', 'asdfasdf', '{2:2}', '0');
INSERT INTO `alone_dictionary_entity` VALUES ('4028b8816d869aaf016d86eb350a003e', '201910011843', '201910012140', '40288b854a329988014a329a12f30002', '40288b854a329988014a329a12f30002', '1', '测似文件组', 'USER_DEFAULT_PHOTOS', '{2:4028b8816d8a2ab0016d8ad55e9b0054}', '2');
INSERT INTO `alone_dictionary_entity` VALUES ('4028b8816d8783d9016d878c7b320004', '201910012139', '201910012139', '40288b854a329988014a329a12f30002', '40288b854a329988014a329a12f30002', '1', '測試序列', 'test_list', '', '1');
INSERT INTO `alone_dictionary_entity` VALUES ('6578fd8259db44b8ad7e711f7ec78b17', '201905052103', '201905052103', '40288b854a329988014a329a12f30002', '40288b854a329988014a329a12f30002', '0', 'niHH8X7aa8Hns5ZUIlJ6Xh5Cxuc+BbqE', '9zmyZ8IsSXs=', '{none}', '1');
INSERT INTO `alone_dictionary_entity` VALUES ('7263206837704f3389782fdddf33d550', '201811122059', '201811122059', '40288b854a329988014a329a12f30002', '40288b854a329988014a329a12f30002', '0', 'niHH8X7aa8Hns5ZUIlJ6Xh5Cxuc+BbqE', 'dLRC0l1Fl/Q=', '{none}', '1');
INSERT INTO `alone_dictionary_entity` VALUES ('9086ce27f89e4be7ba38cc1fb054eb1f', '202002102105', '202002102105', '40288b854a329988014a329a12f30002', '40288b854a329988014a329a12f30002', '0', 'byg0DQRjkhP0vllQ+zLvCzdg1Pdg+YKn', '9wx62yld1Q0=', '{none}', '1');
INSERT INTO `alone_dictionary_entity` VALUES ('9c157c0818ef4784aa620eb3854d0f17', '201810161509', '201810161509', '40288b854a329988014a329a12f30002', '40288b854a329988014a329a12f30002', '0', 'rYGht6RSk5hudeZx88NZ/907OP6ufvcY', '+nQHCpAShLw=', '{none}', '1');
INSERT INTO `alone_dictionary_entity` VALUES ('e9c306a8afaf454cb5e6c9bfff5d5496', '202003010807', '202003010807', '40288b854a329988014a329a12f30002', '40288b854a329988014a329a12f30002', '0', 'byg0DQRjkhP0vllQ+zLvCzdg1Pdg+YKn', 'I82OGeY6zPA=', '{none}', '1');
INSERT INTO `alone_dictionary_entity` VALUES ('f1c8290d909f4ab5beeb5455e9c76ec1', '201902091940', '201902091940', '40288b854a329988014a329a12f30002', '40288b854a329988014a329a12f30002', '0', 'niHH8X7aa8Hns5ZUIlJ6Xh5Cxuc+BbqE', 'JXAVJSQ//As=', '{none}', '1');
INSERT INTO `alone_dictionary_entity` VALUES ('f326be256a1c41a69ee9e53b2aa4e4bf', '202001031615', '202001031615', '40288b854a329988014a329a12f30002', '40288b854a329988014a329a12f30002', '0', 'byg0DQRjkhP0vllQ+zLvCzdg1Pdg+YKn', 'l0JuMxgazxY=', '{none}', '1');
INSERT INTO `alone_dictionary_entity` VALUES ('f342d1d9b8774d91a20bd4154ca36585', '202005051713', '202005051713', '40288b854a329988014a329a12f30002', '40288b854a329988014a329a12f30002', '0', 'byg0DQRjkhP0vllQ+zLvCzdg1Pdg+YKn', 'Es7FB194xeo=', '{none}', '1');

-- ----------------------------
-- Table structure for `alone_dictionary_type`
-- ----------------------------
DROP TABLE IF EXISTS `alone_dictionary_type`;
CREATE TABLE `alone_dictionary_type` (
  `CTIME` varchar(12) NOT NULL,
  `UTIME` varchar(12) NOT NULL,
  `CUSER` varchar(32) NOT NULL,
  `MUSER` varchar(32) NOT NULL,
  `STATE` char(1) NOT NULL,
  `NAME` varchar(128) NOT NULL,
  `COMMENTS` varchar(128) DEFAULT NULL,
  `ENTITYTYPE` varchar(128) NOT NULL,
  `ENTITY` varchar(32) NOT NULL,
  `ID` varchar(32) NOT NULL DEFAULT '',
  `SORT` int(11) NOT NULL,
  `PARENTID` varchar(32) DEFAULT NULL,
  `TREECODE` varchar(256) DEFAULT NULL,
  PRIMARY KEY (`ID`),
  KEY `FK_Reference_8` (`ENTITY`) USING BTREE,
  CONSTRAINT `alone_dictionary_type_ibfk_1` FOREIGN KEY (`ENTITY`) REFERENCES `alone_dictionary_entity` (`ID`)
) ENGINE=InnoDB DEFAULT CHARSET=utf8 COMMENT='InnoDB free: 12288 kB alone_dictionary_type';

-- ----------------------------
-- Records of alone_dictionary_type
-- ----------------------------
INSERT INTO `alone_dictionary_type` VALUES ('202004221321', '202004221321', '40288b854a329988014a329a12f30002', '40288b854a329988014a329a12f30002', '1', '0', '', '0', '4028841071a051660171a05507430004', '4028841071a051660171a0556af10005', '0', 'NONE', '4028841071a051660171a0556af10005');
INSERT INTO `alone_dictionary_type` VALUES ('202004221321', '202004221321', '40288b854a329988014a329a12f30002', '40288b854a329988014a329a12f30002', '1', '1', '', '1', '4028841071a051660171a05507430004', '4028841071a051660171a05584fd0006', '1', 'NONE', '4028841071a051660171a05584fd0006');
INSERT INTO `alone_dictionary_type` VALUES ('202004221321', '202004221321', '40288b854a329988014a329a12f30002', '40288b854a329988014a329a12f30002', '1', '2', '', '2', '4028841071a051660171a05507430004', '4028841071a051660171a055988a0007', '2', 'NONE', '4028841071a051660171a055988a0007');
INSERT INTO `alone_dictionary_type` VALUES ('202004221321', '202004221321', '40288b854a329988014a329a12f30002', '40288b854a329988014a329a12f30002', '1', '3', '', '3', '4028841071a051660171a05507430004', '4028841071a051660171a055a90e0008', '3', 'NONE', '4028841071a051660171a055a90e0008');
INSERT INTO `alone_dictionary_type` VALUES ('202004221321', '202004221321', '40288b854a329988014a329a12f30002', '40288b854a329988014a329a12f30002', '1', '4', '', '4', '4028841071a051660171a05507430004', '4028841071a051660171a055b8870009', '4', 'NONE', '4028841071a051660171a055b8870009');
INSERT INTO `alone_dictionary_type` VALUES ('202004221321', '202004221321', '40288b854a329988014a329a12f30002', '40288b854a329988014a329a12f30002', '1', '5', '', '5', '4028841071a051660171a05507430004', '4028841071a051660171a055c7c2000a', '5', 'NONE', '4028841071a051660171a055c7c2000a');
INSERT INTO `alone_dictionary_type` VALUES ('201607091404', '201607091404', '40288b854a329988014a329a12f30002', '40288b854a329988014a329a12f30002', '1', '在职', '', '1', '402888a855ce21490155ce409db00003', '402888a855ce21490155ce41a7670004', '1', 'NONE', '402888a855ce21490155ce41a7670004');
INSERT INTO `alone_dictionary_type` VALUES ('201607091404', '201607091404', '40288b854a329988014a329a12f30002', '40288b854a329988014a329a12f30002', '1', '离职', '', '2', '402888a855ce21490155ce409db00003', '402888a855ce21490155ce41c5150005', '2', 'NONE', '402888a855ce21490155ce41c5150005');
INSERT INTO `alone_dictionary_type` VALUES ('201607091404', '201607091408', '40288b854a329988014a329a12f30002', '系统管理员', '1', '全职', '', '1', '402888a855ce21490155ce3ebb7f0000', '402888a855ce21490155ce423ae50006', '1', 'NONE', '402888a855ce21490155ce423ae50006');
INSERT INTO `alone_dictionary_type` VALUES ('201607091405', '201607091408', '40288b854a329988014a329a12f30002', '系统管理员', '1', '兼职', '', '2', '402888a855ce21490155ce3ebb7f0000', '402888a855ce21490155ce425f100007', '2', 'NONE', '402888a855ce21490155ce425f100007');
INSERT INTO `alone_dictionary_type` VALUES ('201607091405', '201607091408', '40288b854a329988014a329a12f30002', '系统管理员', '1', '实习', '', '3', '402888a855ce21490155ce3ebb7f0000', '402888a855ce21490155ce4289370008', '3', 'NONE', '402888a855ce21490155ce4289370008');
INSERT INTO `alone_dictionary_type` VALUES ('201607091406', '201607091406', '40288b854a329988014a329a12f30002', '40288b854a329988014a329a12f30002', '1', '金融业', '', '1', '402888a855ce21490155ce4062ef0002', '402888a855ce21490155ce4386860009', '1', 'NONE', '402888a855ce21490155ce4386860009');
INSERT INTO `alone_dictionary_type` VALUES ('201607091406', '201607091407', '40288b854a329988014a329a12f30002', '系统管理员', '1', 'IT|通信|电子|互联网', '', '2', '402888a855ce21490155ce4062ef0002', '402888a855ce21490155ce43be05000a', '2', 'NONE', '402888a855ce21490155ce43be05000a');
INSERT INTO `alone_dictionary_type` VALUES ('201607091406', '201607091406', '40288b854a329988014a329a12f30002', '系统管理员', '1', '政府|非盈利机构', '', '3', '402888a855ce21490155ce4062ef0002', '402888a855ce21490155ce43f6e6000b', '3', 'NONE', '402888a855ce21490155ce43f6e6000b');
INSERT INTO `alone_dictionary_type` VALUES ('201607091407', '201607091407', '40288b854a329988014a329a12f30002', '40288b854a329988014a329a12f30002', '1', '交通|运输|物流|仓储', '', '4', '402888a855ce21490155ce4062ef0002', '402888a855ce21490155ce447d79000c', '4', 'NONE', '402888a855ce21490155ce447d79000c');
INSERT INTO `alone_dictionary_type` VALUES ('201607091407', '201607091407', '40288b854a329988014a329a12f30002', '40288b854a329988014a329a12f30002', '1', '其它', '', '99', '402888a855ce21490155ce4062ef0002', '402888a855ce21490155ce44faac000d', '99', 'NONE', '402888a855ce21490155ce44faac000d');
INSERT INTO `alone_dictionary_type` VALUES ('201607091409', '201607091409', '40288b854a329988014a329a12f30002', '40288b854a329988014a329a12f30002', '1', '开发', '', '1', '402888a855ce21490155ce402ec90001', '402888a855ce21490155ce4655fa000e', '1', 'NONE', '402888a855ce21490155ce4655fa000e');
INSERT INTO `alone_dictionary_type` VALUES ('201607091409', '201607091409', '40288b854a329988014a329a12f30002', '系统管理员', '1', '测试', '', '2', '402888a855ce21490155ce402ec90001', '402888a855ce21490155ce466939000f', '2', 'NONE', '402888a855ce21490155ce466939000f');
INSERT INTO `alone_dictionary_type` VALUES ('201607091409', '201607091409', '40288b854a329988014a329a12f30002', '系统管理员', '1', '项目经理', '', '4', '402888a855ce21490155ce402ec90001', '402888a855ce21490155ce4685650010', '4', 'NONE', '402888a855ce21490155ce4685650010');
INSERT INTO `alone_dictionary_type` VALUES ('201607072032', '201607072032', '40288b854a329988014a329a12f30002', '40288b854a329988014a329a12f30002', '1', '男', '', '1', '402888ac55c54f310155c557c10f0000', '402888ac55c54f310155c5581bc10001', '1', 'NONE', '402888ac55c54f310155c5581bc10001');
INSERT INTO `alone_dictionary_type` VALUES ('201607072032', '201607072032', '40288b854a329988014a329a12f30002', '40288b854a329988014a329a12f30002', '1', '女', '', '2', '402888ac55c54f310155c557c10f0000', '402888ac55c54f310155c55840860002', '2', 'NONE', '402888ac55c54f310155c55840860002');
INSERT INTO `alone_dictionary_type` VALUES ('201607081649', '201607081649', '40288b854a329988014a329a12f30002', '40288b854a329988014a329a12f30002', '1', '有', '', '1', '402888ac55c9abb00155c9b1a65e0001', '402888ac55c9abb00155c9b224aa0003', '1', 'NONE', '402888ac55c9abb00155c9b224aa0003');
INSERT INTO `alone_dictionary_type` VALUES ('201607081649', '201607081649', '40288b854a329988014a329a12f30002', '40288b854a329988014a329a12f30002', '1', '无', '', '2', '402888ac55c9abb00155c9b1a65e0001', '402888ac55c9abb00155c9b24e9b0004', '2', 'NONE', '402888ac55c9abb00155c9b24e9b0004');
INSERT INTO `alone_dictionary_type` VALUES ('201607081649', '201607081649', '40288b854a329988014a329a12f30002', '40288b854a329988014a329a12f30002', '1', '中共党员(含预备党员)', '', '1', '402888ac55c9abb00155c9b1d83e0002', '402888ac55c9abb00155c9b2a65c0005', '1', 'NONE', '402888ac55c9abb00155c9b2a65c0005');
INSERT INTO `alone_dictionary_type` VALUES ('201607081649', '201607081649', '40288b854a329988014a329a12f30002', '40288b854a329988014a329a12f30002', '1', '团员', '', '2', '402888ac55c9abb00155c9b1d83e0002', '402888ac55c9abb00155c9b2cb7a0006', '2', 'NONE', '402888ac55c9abb00155c9b2cb7a0006');
INSERT INTO `alone_dictionary_type` VALUES ('201607081649', '201607081649', '40288b854a329988014a329a12f30002', '40288b854a329988014a329a12f30002', '1', '群众', '', '3', '402888ac55c9abb00155c9b1d83e0002', '402888ac55c9abb00155c9b2ea760007', '3', 'NONE', '402888ac55c9abb00155c9b2ea760007');
INSERT INTO `alone_dictionary_type` VALUES ('201607081650', '201607081650', '40288b854a329988014a329a12f30002', '40288b854a329988014a329a12f30002', '1', '民主党派', '', '4', '402888ac55c9abb00155c9b1d83e0002', '402888ac55c9abb00155c9b308cb0008', '4', 'NONE', '402888ac55c9abb00155c9b308cb0008');
INSERT INTO `alone_dictionary_type` VALUES ('201607081650', '201607081650', '40288b854a329988014a329a12f30002', '40288b854a329988014a329a12f30002', '1', '无党派人士', '', '5', '402888ac55c9abb00155c9b1d83e0002', '402888ac55c9abb00155c9b31ee50009', '5', 'NONE', '402888ac55c9abb00155c9b31ee50009');
INSERT INTO `alone_dictionary_type` VALUES ('201607081650', '201607081650', '40288b854a329988014a329a12f30002', '40288b854a329988014a329a12f30002', '1', '未婚', '', '1', '402888ac55c9abb00155c9b11a730000', '402888ac55c9abb00155c9b3727c000a', '1', 'NONE', '402888ac55c9abb00155c9b3727c000a');
INSERT INTO `alone_dictionary_type` VALUES ('201607081650', '201607081650', '40288b854a329988014a329a12f30002', '40288b854a329988014a329a12f30002', '1', '已婚', '', '2', '402888ac55c9abb00155c9b11a730000', '402888ac55c9abb00155c9b38991000b', '2', 'NONE', '402888ac55c9abb00155c9b38991000b');
INSERT INTO `alone_dictionary_type` VALUES ('201607081650', '201607081650', '40288b854a329988014a329a12f30002', '40288b854a329988014a329a12f30002', '1', '离异', '', '3', '402888ac55c9abb00155c9b11a730000', '402888ac55c9abb00155c9b39d1e000c', '3', 'NONE', '402888ac55c9abb00155c9b39d1e000c');
INSERT INTO `alone_dictionary_type` VALUES ('201607081658', '201607081658', '40288b854a329988014a329a12f30002', '40288b854a329988014a329a12f30002', '1', '中国', '', '1', '402888ac55c9abb00155c9ba602a000d', '402888ac55c9abb00155c9bb2246000e', '1', 'NONE', '402888ac55c9abb00155c9bb2246000e');
INSERT INTO `alone_dictionary_type` VALUES ('201607081659', '201607081659', '40288b854a329988014a329a12f30002', '40288b854a329988014a329a12f30002', '1', '其它', '', '99', '402888ac55c9abb00155c9ba602a000d', '402888ac55c9abb00155c9bb5a380010', '99', 'NONE', '402888ac55c9abb00155c9bb5a380010');
INSERT INTO `alone_dictionary_type` VALUES ('201607081703', '201607081703', '40288b854a329988014a329a12f30002', '40288b854a329988014a329a12f30002', '1', '驾照', '', '1', '402888ac55c9abb00155c9bec52b0011', '402888ac55c9abb00155c9bf2fe00012', '1', 'NONE', '402888ac55c9abb00155c9bf2fe00012');
INSERT INTO `alone_dictionary_type` VALUES ('201607081703', '201607081703', '40288b854a329988014a329a12f30002', '40288b854a329988014a329a12f30002', '1', '其它', '', '99', '402888ac55c9abb00155c9bec52b0011', '402888ac55c9abb00155c9bf4c4d0013', '99', 'NONE', '402888ac55c9abb00155c9bf4c4d0013');
INSERT INTO `alone_dictionary_type` VALUES ('201607091123', '201607111614', '40288b854a329988014a329a12f30002', '系统管理员', '1', '初中', '', '4', '402888ac55cd984d0155cdad81b30000', '402888ac55cd984d0155cdae2b170002', '4', 'NONE', '402888ac55cd984d0155cdae2b170002');
INSERT INTO `alone_dictionary_type` VALUES ('201607091123', '201607111615', '40288b854a329988014a329a12f30002', '系统管理员', '1', '高中', '', '8', '402888ac55cd984d0155cdad81b30000', '402888ac55cd984d0155cdae47870003', '8', 'NONE', '402888ac55cd984d0155cdae47870003');
INSERT INTO `alone_dictionary_type` VALUES ('201607091123', '201607111615', '40288b854a329988014a329a12f30002', '系统管理员', '1', '大专', '', '12', '402888ac55cd984d0155cdad81b30000', '402888ac55cd984d0155cdaece680004', '12', 'NONE', '402888ac55cd984d0155cdaece680004');
INSERT INTO `alone_dictionary_type` VALUES ('201607091124', '201607111615', '40288b854a329988014a329a12f30002', '系统管理员', '1', '本科', '', '16', '402888ac55cd984d0155cdad81b30000', '402888ac55cd984d0155cdaee91f0005', '16', 'NONE', '402888ac55cd984d0155cdaee91f0005');
INSERT INTO `alone_dictionary_type` VALUES ('201607091124', '201607091124', '40288b854a329988014a329a12f30002', '40288b854a329988014a329a12f30002', '1', '是', '', '1', '402888ac55cd984d0155cdadd46f0001', '402888ac55cd984d0155cdaf36510006', '1', 'NONE', '402888ac55cd984d0155cdaf36510006');
INSERT INTO `alone_dictionary_type` VALUES ('201607091124', '201607091124', '40288b854a329988014a329a12f30002', '40288b854a329988014a329a12f30002', '1', '否', '', '2', '402888ac55cd984d0155cdadd46f0001', '402888ac55cd984d0155cdaf50df0007', '2', 'NONE', '402888ac55cd984d0155cdaf50df0007');
INSERT INTO `alone_dictionary_type` VALUES ('201607091503', '201607091503', '40288b854a329988014a329a12f30002', '40288b854a329988014a329a12f30002', '1', '1000以下', '', '1', '402888ac55ce66e90155ce77871a0003', '402888ac55ce66e90155ce782f610004', '1', 'NONE', '402888ac55ce66e90155ce782f610004');
INSERT INTO `alone_dictionary_type` VALUES ('201607091504', '201607091504', '40288b854a329988014a329a12f30002', '40288b854a329988014a329a12f30002', '1', '2000~3000', '', '2', '402888ac55ce66e90155ce77871a0003', '402888ac55ce66e90155ce785c810005', '2', 'NONE', '402888ac55ce66e90155ce785c810005');
INSERT INTO `alone_dictionary_type` VALUES ('201607091504', '201607091504', '40288b854a329988014a329a12f30002', '40288b854a329988014a329a12f30002', '1', '3000~4000', '', '3', '402888ac55ce66e90155ce77871a0003', '402888ac55ce66e90155ce787e660006', '3', 'NONE', '402888ac55ce66e90155ce787e660006');
INSERT INTO `alone_dictionary_type` VALUES ('201607091504', '201607091504', '40288b854a329988014a329a12f30002', '40288b854a329988014a329a12f30002', '1', '4000~5000', '', '4', '402888ac55ce66e90155ce77871a0003', '402888ac55ce66e90155ce78b94b0007', '4', 'NONE', '402888ac55ce66e90155ce78b94b0007');
INSERT INTO `alone_dictionary_type` VALUES ('201607091504', '201607091504', '40288b854a329988014a329a12f30002', '40288b854a329988014a329a12f30002', '1', '5000~7000', '', '5', '402888ac55ce66e90155ce77871a0003', '402888ac55ce66e90155ce7901780008', '5', 'NONE', '402888ac55ce66e90155ce7901780008');
INSERT INTO `alone_dictionary_type` VALUES ('201607091505', '201607091505', '40288b854a329988014a329a12f30002', '40288b854a329988014a329a12f30002', '1', '7000~9000', '', '7', '402888ac55ce66e90155ce77871a0003', '402888ac55ce66e90155ce799aaa0009', '7', 'NONE', '402888ac55ce66e90155ce799aaa0009');
INSERT INTO `alone_dictionary_type` VALUES ('201607091505', '201607091505', '40288b854a329988014a329a12f30002', '40288b854a329988014a329a12f30002', '1', '10000~15000', '', '10', '402888ac55ce66e90155ce77871a0003', '402888ac55ce66e90155ce79cfb1000a', '10', 'NONE', '402888ac55ce66e90155ce79cfb1000a');
INSERT INTO `alone_dictionary_type` VALUES ('201607091505', '201607091505', '40288b854a329988014a329a12f30002', '40288b854a329988014a329a12f30002', '1', '15000~以上', '', '15', '402888ac55ce66e90155ce77871a0003', '402888ac55ce66e90155ce7a22be000b', '15', 'NONE', '402888ac55ce66e90155ce7a22be000b');
INSERT INTO `alone_dictionary_type` VALUES ('201607091506', '201607091506', '40288b854a329988014a329a12f30002', '40288b854a329988014a329a12f30002', '1', 'IT', '', '1', '402888ac55ce66e90155ce7702aa0000', '402888ac55ce66e90155ce7ae4ba000c', '1', 'NONE', '402888ac55ce66e90155ce7ae4ba000c');
INSERT INTO `alone_dictionary_type` VALUES ('201607091507', '201607091507', '40288b854a329988014a329a12f30002', '40288b854a329988014a329a12f30002', '1', '房地产/建筑/建材/工程', '', '2', '402888ac55ce66e90155ce7702aa0000', '402888ac55ce66e90155ce7b2db1000d', '2', 'NONE', '402888ac55ce66e90155ce7b2db1000d');
INSERT INTO `alone_dictionary_type` VALUES ('201607091507', '201607091507', '40288b854a329988014a329a12f30002', '40288b854a329988014a329a12f30002', '1', '耐用消费品（服饰/纺织/皮革/家具/家电）', '', '3', '402888ac55ce66e90155ce7702aa0000', '402888ac55ce66e90155ce7ba0c2000e', '3', 'NONE', '402888ac55ce66e90155ce7ba0c2000e');
INSERT INTO `alone_dictionary_type` VALUES ('201607091507', '201607091507', '40288b854a329988014a329a12f30002', '40288b854a329988014a329a12f30002', '1', '医药/生物工程', '', '4', '402888ac55ce66e90155ce7702aa0000', '402888ac55ce66e90155ce7bcbb7000f', '4', 'NONE', '402888ac55ce66e90155ce7bcbb7000f');
INSERT INTO `alone_dictionary_type` VALUES ('201607091508', '201607091508', '40288b854a329988014a329a12f30002', '40288b854a329988014a329a12f30002', '1', '广告/会展/公关', '', '5', '402888ac55ce66e90155ce7702aa0000', '402888ac55ce66e90155ce7c03ac0010', '5', 'NONE', '402888ac55ce66e90155ce7c03ac0010');
INSERT INTO `alone_dictionary_type` VALUES ('201607091508', '201607091508', '40288b854a329988014a329a12f30002', '40288b854a329988014a329a12f30002', '1', '其它', '', '99', '402888ac55ce66e90155ce7702aa0000', '402888ac55ce66e90155ce7c2b450011', '99', 'NONE', '402888ac55ce66e90155ce7c2b450011');
INSERT INTO `alone_dictionary_type` VALUES ('201607091508', '201607091509', '40288b854a329988014a329a12f30002', '系统管理员', '1', '国企|央企', '', '1', '402888ac55ce66e90155ce7736ed0001', '402888ac55ce66e90155ce7cd0df0012', '1', 'NONE', '402888ac55ce66e90155ce7cd0df0012');
INSERT INTO `alone_dictionary_type` VALUES ('201607091509', '201607091509', '40288b854a329988014a329a12f30002', '40288b854a329988014a329a12f30002', '1', '私企', '', '2', '402888ac55ce66e90155ce7736ed0001', '402888ac55ce66e90155ce7cedec0013', '2', 'NONE', '402888ac55ce66e90155ce7cedec0013');
INSERT INTO `alone_dictionary_type` VALUES ('201607091509', '201607091509', '40288b854a329988014a329a12f30002', '40288b854a329988014a329a12f30002', '1', '外企', '', '3', '402888ac55ce66e90155ce7736ed0001', '402888ac55ce66e90155ce7d0cb70014', '3', 'NONE', '402888ac55ce66e90155ce7d0cb70014');
INSERT INTO `alone_dictionary_type` VALUES ('201607091509', '201607091509', '40288b854a329988014a329a12f30002', '40288b854a329988014a329a12f30002', '1', '其它', '', '99', '402888ac55ce66e90155ce7736ed0001', '402888ac55ce66e90155ce7d29d30015', '99', 'NONE', '402888ac55ce66e90155ce7d29d30015');
INSERT INTO `alone_dictionary_type` VALUES ('201607091510', '201607091510', '40288b854a329988014a329a12f30002', '40288b854a329988014a329a12f30002', '1', '20人以下', '', '1', '402888ac55ce66e90155ce7761670002', '402888ac55ce66e90155ce7e0d600016', '1', 'NONE', '402888ac55ce66e90155ce7e0d600016');
INSERT INTO `alone_dictionary_type` VALUES ('201607091510', '201607091510', '40288b854a329988014a329a12f30002', '40288b854a329988014a329a12f30002', '1', '20~100', '', '2', '402888ac55ce66e90155ce7761670002', '402888ac55ce66e90155ce7e86560017', '2', 'NONE', '402888ac55ce66e90155ce7e86560017');
INSERT INTO `alone_dictionary_type` VALUES ('201607091510', '201607091510', '40288b854a329988014a329a12f30002', '40288b854a329988014a329a12f30002', '1', '100~500', '', '3', '402888ac55ce66e90155ce7761670002', '402888ac55ce66e90155ce7eab010018', '3', 'NONE', '402888ac55ce66e90155ce7eab010018');
INSERT INTO `alone_dictionary_type` VALUES ('201607091511', '201607091511', '40288b854a329988014a329a12f30002', '40288b854a329988014a329a12f30002', '1', '500~1000', '', '4', '402888ac55ce66e90155ce7761670002', '402888ac55ce66e90155ce7ed1820019', '4', 'NONE', '402888ac55ce66e90155ce7ed1820019');
INSERT INTO `alone_dictionary_type` VALUES ('201607091511', '201607091511', '40288b854a329988014a329a12f30002', '40288b854a329988014a329a12f30002', '1', '1000~5000', '', '5', '402888ac55ce66e90155ce7761670002', '402888ac55ce66e90155ce7f12b3001a', '5', 'NONE', '402888ac55ce66e90155ce7f12b3001a');
INSERT INTO `alone_dictionary_type` VALUES ('201607091511', '201607091511', '40288b854a329988014a329a12f30002', '40288b854a329988014a329a12f30002', '1', '5000~10000', '', '6', '402888ac55ce66e90155ce7761670002', '402888ac55ce66e90155ce7f3891001b', '6', 'NONE', '402888ac55ce66e90155ce7f3891001b');
INSERT INTO `alone_dictionary_type` VALUES ('201607091511', '201607091511', '40288b854a329988014a329a12f30002', '40288b854a329988014a329a12f30002', '1', '10000人以上', '', '7', '402888ac55ce66e90155ce7761670002', '402888ac55ce66e90155ce7f6e2d001c', '7', 'NONE', '402888ac55ce66e90155ce7f6e2d001c');
INSERT INTO `alone_dictionary_type` VALUES ('201607101535', '201607101535', '40288b854a329988014a329a12f30002', '40288b854a329988014a329a12f30002', '1', '父母', '', '1', '402888ac55d3b5ef0155d3baf3ac0000', '402888ac55d3b5ef0155d3bb31b20001', '1', 'NONE', '402888ac55d3b5ef0155d3bb31b20001');
INSERT INTO `alone_dictionary_type` VALUES ('201607101535', '201607101535', '40288b854a329988014a329a12f30002', '40288b854a329988014a329a12f30002', '1', '兄弟姐妹', '', '2', '402888ac55d3b5ef0155d3baf3ac0000', '402888ac55d3b5ef0155d3bb6ad90002', '2', 'NONE', '402888ac55d3b5ef0155d3bb6ad90002');
INSERT INTO `alone_dictionary_type` VALUES ('201607101535', '201607101535', '40288b854a329988014a329a12f30002', '40288b854a329988014a329a12f30002', '1', '子女', '', '3', '402888ac55d3b5ef0155d3baf3ac0000', '402888ac55d3b5ef0155d3bb9db50003', '3', 'NONE', '402888ac55d3b5ef0155d3bb9db50003');
INSERT INTO `alone_dictionary_type` VALUES ('201607101535', '201607101535', '40288b854a329988014a329a12f30002', '系统管理员', '1', '其他', '', '99', '402888ac55d3b5ef0155d3baf3ac0000', '402888ac55d3b5ef0155d3bbb90d0004', '99', 'NONE', '402888ac55d3b5ef0155d3bbb90d0004');
INSERT INTO `alone_dictionary_type` VALUES ('201607111614', '201607111614', '40288b854a329988014a329a12f30002', '40288b854a329988014a329a12f30002', '1', '研究生', '', '5', '402888ac55cd984d0155cdad81b30000', '402888ac55d8bcbe0155d90576510002', '5', 'NONE', '402888ac55d8bcbe0155d90576510002');
INSERT INTO `alone_dictionary_type` VALUES ('201607111614', '201607111614', '40288b854a329988014a329a12f30002', '40288b854a329988014a329a12f30002', '1', '博士生', '', '20', '402888ac55cd984d0155cdad81b30000', '402888ac55d8bcbe0155d905cfb50003', '20', 'NONE', '402888ac55d8bcbe0155d905cfb50003');
INSERT INTO `alone_dictionary_type` VALUES ('201410301617', '201410301617', '12312323123123', '12312323123123', '1', '前台', '', 'HOME', '402894ca49600f600149602141820000', '402894ca49600f6001496021a7020001', '1', 'NONE', '402894ca49600f6001496021a7020001');
INSERT INTO `alone_dictionary_type` VALUES ('201501121545', '201501121545', '40288b854a329988014a329a12f30002', '40288b854a329988014a329a12f30002', '1', '日程', '', '日程', '402894ca4add11f6014add1ad9cd000e', '402894ca4add11f6014add1b1c25000f', '1', 'NONE', '402894ca4add11f6014add1b1c25000f');
INSERT INTO `alone_dictionary_type` VALUES ('201501121545', '201501121545', '40288b854a329988014a329a12f30002', '40288b854a329988014a329a12f30002', '1', '错误修复', '', '错误修复', '402894ca4add11f6014add1ad9cd000e', '402894ca4add11f6014add1b42c80010', '2', 'NONE', '402894ca4add11f6014add1b42c80010');

-- ----------------------------
-- Table structure for `alone_parameter`
-- ----------------------------
DROP TABLE IF EXISTS `alone_parameter`;
CREATE TABLE `alone_parameter` (
  `ID` varchar(32) NOT NULL,
  `CTIME` varchar(12) NOT NULL,
  `UTIME` varchar(12) NOT NULL,
  `CUSER` varchar(32) NOT NULL,
  `MUSER` varchar(32) NOT NULL,
  `NAME` varchar(128) NOT NULL,
  `STATE` char(1) NOT NULL,
  `PKEY` varchar(64) NOT NULL,
  `PVALUE` varchar(2048) NOT NULL,
  `RULES` varchar(256) DEFAULT NULL,
  `DOMAIN` varchar(64) DEFAULT NULL,
  `COMMENTS` varchar(256) DEFAULT NULL,
  `VTYPE` char(1) NOT NULL COMMENT ' 文本：1 枚举：2',
  `USERABLE` varchar(1) NOT NULL COMMENT '0否，1是',
  PRIMARY KEY (`ID`)
) ENGINE=MyISAM DEFAULT CHARSET=utf8 COMMENT='InnoDB free: 12288 kB; InnoDB free: 12288 kB alone_parameter';

-- ----------------------------
-- Records of alone_parameter
-- ----------------------------

-- ----------------------------
-- Table structure for `alone_parameter_local`
-- ----------------------------
DROP TABLE IF EXISTS `alone_parameter_local`;
CREATE TABLE `alone_parameter_local` (
  `ID` varchar(32) NOT NULL,
  `PARAMETERID` varchar(32) NOT NULL,
  `EUSER` varchar(32) NOT NULL,
  `PVALUE` varchar(2048) NOT NULL,
  PRIMARY KEY (`ID`),
  KEY `FK_Reference_50` (`PARAMETERID`)
) ENGINE=MyISAM DEFAULT CHARSET=utf8;

-- ----------------------------
-- Records of alone_parameter_local
-- ----------------------------

-- ----------------------------
-- Table structure for `farm_qz_scheduler`
-- ----------------------------
DROP TABLE IF EXISTS `farm_qz_scheduler`;
CREATE TABLE `farm_qz_scheduler` (
  `ID` varchar(32) NOT NULL,
  `AUTOIS` varchar(2) NOT NULL,
  `CTIME` varchar(16) NOT NULL,
  `ETIME` varchar(16) NOT NULL,
  `CUSERNAME` varchar(64) NOT NULL,
  `CUSER` varchar(32) NOT NULL,
  `EUSERNAME` varchar(64) NOT NULL,
  `EUSER` varchar(32) NOT NULL,
  `PSTATE` varchar(2) NOT NULL,
  `PCONTENT` varchar(128) DEFAULT NULL,
  `TASKID` varchar(32) NOT NULL,
  `TRIGGERID` varchar(32) NOT NULL,
  PRIMARY KEY (`ID`),
  KEY `FK_Reference_18` (`TASKID`),
  KEY `FK_Reference_19` (`TRIGGERID`),
  CONSTRAINT `FK_Reference_18` FOREIGN KEY (`TASKID`) REFERENCES `farm_qz_task` (`ID`),
  CONSTRAINT `FK_Reference_19` FOREIGN KEY (`TRIGGERID`) REFERENCES `farm_qz_trigger` (`ID`)
) ENGINE=InnoDB DEFAULT CHARSET=utf8;

-- ----------------------------
-- Records of farm_qz_scheduler
-- ----------------------------

-- ----------------------------
-- Table structure for `farm_qz_task`
-- ----------------------------
DROP TABLE IF EXISTS `farm_qz_task`;
CREATE TABLE `farm_qz_task` (
  `ID` varchar(32) NOT NULL,
  `CTIME` varchar(16) NOT NULL,
  `ETIME` varchar(16) NOT NULL,
  `CUSERNAME` varchar(64) NOT NULL,
  `CUSER` varchar(32) NOT NULL,
  `EUSERNAME` varchar(64) NOT NULL,
  `EUSER` varchar(32) NOT NULL,
  `PSTATE` varchar(2) NOT NULL,
  `PCONTENT` varchar(128) DEFAULT NULL,
  `JOBCLASS` varchar(128) NOT NULL,
  `NAME` varchar(128) NOT NULL,
  `JOBPARAS` varchar(1024) DEFAULT NULL,
  `JOBKEY` varchar(128) NOT NULL,
  PRIMARY KEY (`ID`)
) ENGINE=InnoDB DEFAULT CHARSET=utf8;

-- ----------------------------
-- Records of farm_qz_task
-- ----------------------------

-- ----------------------------
-- Table structure for `farm_qz_trigger`
-- ----------------------------
DROP TABLE IF EXISTS `farm_qz_trigger`;
CREATE TABLE `farm_qz_trigger` (
  `ID` varchar(32) NOT NULL,
  `CTIME` varchar(16) NOT NULL,
  `ETIME` varchar(16) NOT NULL,
  `CUSERNAME` varchar(64) NOT NULL,
  `CUSER` varchar(32) NOT NULL,
  `EUSERNAME` varchar(64) NOT NULL,
  `EUSER` varchar(32) NOT NULL,
  `PSTATE` varchar(2) NOT NULL,
  `PCONTENT` varchar(128) DEFAULT NULL,
  `DESCRIPT` varchar(128) NOT NULL,
  `NAME` varchar(128) NOT NULL,
  PRIMARY KEY (`ID`)
) ENGINE=InnoDB DEFAULT CHARSET=utf8;

-- ----------------------------
-- Records of farm_qz_trigger
-- ----------------------------

-- ----------------------------
-- Table structure for `wcp_qanswer`
-- ----------------------------
DROP TABLE IF EXISTS `wcp_qanswer`;
CREATE TABLE `wcp_qanswer` (
  `ID` varchar(32) NOT NULL,
  `CTIME` varchar(16) NOT NULL,
  `CUSERNAME` varchar(64) NOT NULL,
  `CUSER` varchar(32) NOT NULL,
  `PSTATE` varchar(2) NOT NULL,
  `PCONTENT` varchar(128) DEFAULT NULL,
  `QUESTIONID` varchar(32) NOT NULL,
  `DESCRIPTION` text NOT NULL,
  `ADOPTTIME` varchar(32) DEFAULT NULL,
  `ANSWERINGNUM` int(11) NOT NULL,
  `PRAISENO` int(11) NOT NULL,
  `PRAISEYES` int(10) unsigned NOT NULL DEFAULT '0',
  `ANONYMOUS` varchar(1) NOT NULL,
  PRIMARY KEY (`ID`),
  KEY `FK_Reference_46` (`QUESTIONID`) USING BTREE
) ENGINE=MyISAM DEFAULT CHARSET=utf8 ROW_FORMAT=DYNAMIC;

-- ----------------------------
-- Records of wcp_qanswer
-- ----------------------------

-- ----------------------------
-- Table structure for `wcp_qanswer_comment`
-- ----------------------------
DROP TABLE IF EXISTS `wcp_qanswer_comment`;
CREATE TABLE `wcp_qanswer_comment` (
  `ID` varchar(32) NOT NULL,
  `CTIME` varchar(16) NOT NULL,
  `CUSERNAME` varchar(64) NOT NULL,
  `CUSER` varchar(32) NOT NULL,
  `PSTATE` varchar(2) NOT NULL,
  `DESCRIPTION` text NOT NULL,
  `ANSWERID` varchar(32) NOT NULL,
  PRIMARY KEY (`ID`),
  KEY `FK_QA6` (`ANSWERID`) USING BTREE
) ENGINE=MyISAM DEFAULT CHARSET=utf8 ROW_FORMAT=DYNAMIC;

-- ----------------------------
-- Records of wcp_qanswer_comment
-- ----------------------------

-- ----------------------------
-- Table structure for `wcp_qanswer_detail`
-- ----------------------------
DROP TABLE IF EXISTS `wcp_qanswer_detail`;
CREATE TABLE `wcp_qanswer_detail` (
  `ID` varchar(32) NOT NULL,
  `CTIME` varchar(16) NOT NULL,
  `CUSERNAME` varchar(64) DEFAULT NULL,
  `CUSER` varchar(32) DEFAULT NULL,
  `PSTATE` varchar(2) NOT NULL,
  `VTYPE` varchar(2) NOT NULL COMMENT '2好评、3差评',
  `USERIP` varchar(128) NOT NULL,
  `ANSWERID` varchar(32) NOT NULL,
  PRIMARY KEY (`ID`),
  KEY `FK_QA4` (`ANSWERID`) USING BTREE
) ENGINE=MyISAM DEFAULT CHARSET=utf8 ROW_FORMAT=DYNAMIC;

-- ----------------------------
-- Records of wcp_qanswer_detail
-- ----------------------------

-- ----------------------------
-- Table structure for `wcp_qanswer_plus`
-- ----------------------------
DROP TABLE IF EXISTS `wcp_qanswer_plus`;
CREATE TABLE `wcp_qanswer_plus` (
  `ID` varchar(32) NOT NULL,
  `ANSWERID` varchar(32) NOT NULL,
  `DESCRIPTION` text NOT NULL,
  `CTIME` varchar(14) NOT NULL,
  PRIMARY KEY (`ID`),
  KEY `FK_QA5` (`ANSWERID`) USING BTREE
) ENGINE=MyISAM DEFAULT CHARSET=utf8 ROW_FORMAT=DYNAMIC;

-- ----------------------------
-- Records of wcp_qanswer_plus
-- ----------------------------

-- ----------------------------
-- Table structure for `wcp_question`
-- ----------------------------
DROP TABLE IF EXISTS `wcp_question`;
CREATE TABLE `wcp_question` (
  `ID` varchar(32) NOT NULL,
  `CTIME` varchar(16) NOT NULL,
  `CUSERNAME` varchar(64) NOT NULL,
  `CUSER` varchar(32) NOT NULL,
  `PSTATE` varchar(2) NOT NULL,
  `PCONTENT` varchar(128) DEFAULT NULL,
  `TAGS` varchar(256) DEFAULT NULL,
  `TYPEID` varchar(32) DEFAULT NULL,
  `PRICE` int(10) unsigned NOT NULL DEFAULT '0',
  `TITLE` varchar(64) NOT NULL,
  `DESCRIPTION` text NOT NULL,
  `PUBTIME` varchar(16) NOT NULL DEFAULT '0',
  `ENDTIME` varchar(16) DEFAULT '0',
  `ANONYMOUS` varchar(2) NOT NULL DEFAULT '0' COMMENT '1匿名0实名',
  `ANSWERS` int(10) unsigned NOT NULL DEFAULT '0',
  `ATTENTIONS` int(11) NOT NULL DEFAULT '0',
  `PRAISENO` int(11) NOT NULL,
  `PRAISEYES` int(10) unsigned NOT NULL DEFAULT '0',
  `VISITNUM` int(10) unsigned NOT NULL DEFAULT '0',
  `ANSWERINGNUM` int(11) NOT NULL,
  `SHORTDESC` varchar(256) NOT NULL,
  `IMGID` varchar(32) DEFAULT NULL,
  `HOTNUM` int(11) NOT NULL,
  `ETIME` varchar(16) NOT NULL,
  `QANSWERID` varchar(32) DEFAULT NULL,
  `LASTVTIME` varchar(12) NOT NULL,
  PRIMARY KEY (`ID`)
) ENGINE=MyISAM DEFAULT CHARSET=utf8 ROW_FORMAT=DYNAMIC;

-- ----------------------------
-- Records of wcp_question
-- ----------------------------

-- ----------------------------
-- Table structure for `wcp_question_detail`
-- ----------------------------
DROP TABLE IF EXISTS `wcp_question_detail`;
CREATE TABLE `wcp_question_detail` (
  `ID` varchar(32) NOT NULL,
  `CTIME` varchar(16) NOT NULL,
  `CUSERNAME` varchar(64) DEFAULT NULL,
  `CUSER` varchar(32) DEFAULT NULL,
  `PSTATE` varchar(2) NOT NULL,
  `VTYPE` varchar(2) NOT NULL COMMENT '2好评、3差评',
  `USERIP` varchar(128) NOT NULL,
  `QUESTIONID` varchar(32) NOT NULL,
  PRIMARY KEY (`ID`),
  KEY `FK_QA3` (`QUESTIONID`) USING BTREE
) ENGINE=MyISAM DEFAULT CHARSET=utf8 ROW_FORMAT=DYNAMIC;

-- ----------------------------
-- Records of wcp_question_detail
-- ----------------------------

-- ----------------------------
-- Table structure for `wcp_question_enjoy`
-- ----------------------------
DROP TABLE IF EXISTS `wcp_question_enjoy`;
CREATE TABLE `wcp_question_enjoy` (
  `ID` varchar(32) NOT NULL,
  `USERID` varchar(32) NOT NULL,
  `QUESTIONID` varchar(32) NOT NULL,
  PRIMARY KEY (`ID`),
  KEY `FK_QA1` (`QUESTIONID`) USING BTREE
) ENGINE=MyISAM DEFAULT CHARSET=utf8 ROW_FORMAT=DYNAMIC;

-- ----------------------------
-- Records of wcp_question_enjoy
-- ----------------------------

-- ----------------------------
-- Table structure for `wcp_question_plus`
-- ----------------------------
DROP TABLE IF EXISTS `wcp_question_plus`;
CREATE TABLE `wcp_question_plus` (
  `ID` varchar(32) NOT NULL,
  `QUESTIONID` varchar(32) NOT NULL,
  `DESCRIPTION` text NOT NULL,
  `CTIME` varchar(14) NOT NULL,
  PRIMARY KEY (`ID`),
  KEY `FK_QA2` (`QUESTIONID`) USING BTREE
) ENGINE=MyISAM DEFAULT CHARSET=utf8 ROW_FORMAT=DYNAMIC;

-- ----------------------------
-- Records of wcp_question_plus
-- ----------------------------

-- ----------------------------
-- Table structure for `wlp_c_classtype`
-- ----------------------------
DROP TABLE IF EXISTS `wlp_c_classtype`;
CREATE TABLE `wlp_c_classtype` (
  `ID` varchar(32) NOT NULL,
  `CTIME` varchar(16) NOT NULL,
  `ETIME` varchar(16) NOT NULL,
  `CUSERNAME` varchar(64) NOT NULL,
  `CUSER` varchar(32) NOT NULL,
  `EUSERNAME` varchar(64) NOT NULL,
  `EUSER` varchar(32) NOT NULL,
  `PSTATE` varchar(2) NOT NULL,
  `PCONTENT` varchar(128) DEFAULT NULL,
  `SORT` int(11) NOT NULL,
  `PARENTID` varchar(32) NOT NULL,
  `NAME` varchar(32) NOT NULL,
  `TREECODE` varchar(256) NOT NULL,
  PRIMARY KEY (`ID`)
) ENGINE=InnoDB DEFAULT CHARSET=utf8;

-- ----------------------------
-- Records of wlp_c_classtype
-- ----------------------------

-- ----------------------------
-- Table structure for `wlp_c_tag`
-- ----------------------------
DROP TABLE IF EXISTS `wlp_c_tag`;
CREATE TABLE `wlp_c_tag` (
  `ID` varchar(32) NOT NULL,
  `CTIME` varchar(16) NOT NULL,
  `ETIME` varchar(16) NOT NULL,
  `CUSERNAME` varchar(64) NOT NULL,
  `CUSER` varchar(32) NOT NULL,
  `EUSERNAME` varchar(64) NOT NULL,
  `EUSER` varchar(32) NOT NULL,
  `PSTATE` varchar(2) NOT NULL,
  `PCONTENT` varchar(128) DEFAULT NULL,
  `SORT` int(11) NOT NULL,
  `NAME` varchar(32) NOT NULL,
  `TYPEID` varchar(32) DEFAULT NULL,
  PRIMARY KEY (`ID`),
  KEY `FK_Reference_25` (`TYPEID`),
  CONSTRAINT `FK_Reference_25` FOREIGN KEY (`TYPEID`) REFERENCES `wlp_c_tagtype` (`ID`)
) ENGINE=InnoDB DEFAULT CHARSET=utf8;

-- ----------------------------
-- Records of wlp_c_tag
-- ----------------------------

-- ----------------------------
-- Table structure for `wlp_c_tagtype`
-- ----------------------------
DROP TABLE IF EXISTS `wlp_c_tagtype`;
CREATE TABLE `wlp_c_tagtype` (
  `ID` varchar(32) NOT NULL,
  `CTIME` varchar(16) NOT NULL,
  `ETIME` varchar(16) NOT NULL,
  `CUSERNAME` varchar(64) NOT NULL,
  `CUSER` varchar(32) NOT NULL,
  `EUSERNAME` varchar(64) NOT NULL,
  `EUSER` varchar(32) NOT NULL,
  `PSTATE` varchar(2) NOT NULL,
  `PCONTENT` varchar(128) DEFAULT NULL,
  `SORT` int(11) NOT NULL,
  `NAME` varchar(32) NOT NULL,
  PRIMARY KEY (`ID`)
) ENGINE=InnoDB DEFAULT CHARSET=utf8;

-- ----------------------------
-- Records of wlp_c_tagtype
-- ----------------------------

-- ----------------------------
-- Table structure for `wlp_f_file`
-- ----------------------------
DROP TABLE IF EXISTS `wlp_f_file`;
CREATE TABLE `wlp_f_file` (
  `ID` varchar(32) NOT NULL,
  `CTIME` varchar(16) NOT NULL,
  `ETIME` varchar(16) NOT NULL,
  `CUSERNAME` varchar(64) NOT NULL,
  `CUSER` varchar(32) NOT NULL,
  `EUSERNAME` varchar(64) NOT NULL,
  `EUSER` varchar(32) NOT NULL,
  `PCONTENT` varchar(128) DEFAULT NULL,
  `PSTATE` varchar(1) NOT NULL COMMENT '0.临时1.持久2永久9删除',
  `EXNAME` varchar(512) NOT NULL,
  `RELATIVEPATH` varchar(1024) NOT NULL COMMENT 'relative',
  `SECRET` varchar(32) NOT NULL COMMENT '200m以下為MD5校驗碼',
  `FILENAME` varchar(128) NOT NULL,
  `TITLE` varchar(256) NOT NULL,
  `FILESIZE` int(11) NOT NULL,
  `SYSNAME` varchar(128) NOT NULL,
  `RESOURCEKEY` varchar(32) NOT NULL,
  `APPID` varchar(32) DEFAULT NULL,
  PRIMARY KEY (`ID`)
) ENGINE=InnoDB DEFAULT CHARSET=utf8;

-- ----------------------------
-- Records of wlp_f_file
-- ----------------------------

-- ----------------------------
-- Table structure for `wlp_l_class`
-- ----------------------------
DROP TABLE IF EXISTS `wlp_l_class`;
CREATE TABLE `wlp_l_class` (
  `ID` varchar(32) NOT NULL,
  `ETIME` varchar(16) NOT NULL,
  `EUSER` varchar(32) NOT NULL,
  `EUSERNAME` varchar(64) NOT NULL,
  `CTIME` varchar(16) NOT NULL,
  `CUSER` varchar(32) NOT NULL,
  `CUSERNAME` varchar(64) NOT NULL,
  `PCONTENT` varchar(128) DEFAULT NULL,
  `PSTATE` varchar(2) NOT NULL,
  `HOTSCORE` int(11) NOT NULL,
  `BOOKEDNUM` int(11) NOT NULL,
  `EVALUATION` int(11) NOT NULL,
  `LEARNEDNUM` int(11) NOT NULL,
  `MINIMGID` varchar(32) DEFAULT NULL,
  `IMGID` varchar(32) NOT NULL COMMENT 'A4',
  `ALTIME` int(11) NOT NULL COMMENT '单位小时',
  `DIFFICULTY` varchar(1) NOT NULL COMMENT 'Difficulty',
  `SHORTINTRO` varchar(512) NOT NULL,
  `OUTAUTHOR` varchar(64) NOT NULL,
  `INTRODUCTIONID` varchar(32) DEFAULT NULL,
  `NAME` varchar(128) NOT NULL,
  PRIMARY KEY (`ID`)
) ENGINE=InnoDB DEFAULT CHARSET=utf8;

-- ----------------------------
-- Records of wlp_l_class
-- ----------------------------

-- ----------------------------
-- Table structure for `wlp_l_classchapter`
-- ----------------------------
DROP TABLE IF EXISTS `wlp_l_classchapter`;
CREATE TABLE `wlp_l_classchapter` (
  `ID` varchar(32) NOT NULL,
  `CTIME` varchar(16) NOT NULL,
  `ETIME` varchar(16) NOT NULL,
  `CUSERNAME` varchar(64) NOT NULL,
  `CUSER` varchar(32) NOT NULL,
  `EUSERNAME` varchar(64) NOT NULL,
  `EUSER` varchar(32) NOT NULL,
  `PSTATE` varchar(2) NOT NULL,
  `SORT` int(11) NOT NULL,
  `TITLE` varchar(256) NOT NULL,
  `NOTE` varchar(2048) DEFAULT NULL,
  `CLASSID` varchar(32) NOT NULL,
  PRIMARY KEY (`ID`),
  KEY `FK_Reference_28` (`CLASSID`),
  CONSTRAINT `FK_Reference_28` FOREIGN KEY (`CLASSID`) REFERENCES `wlp_l_class` (`ID`)
) ENGINE=InnoDB DEFAULT CHARSET=utf8;

-- ----------------------------
-- Records of wlp_l_classchapter
-- ----------------------------

-- ----------------------------
-- Table structure for `wlp_l_classclasstype`
-- ----------------------------
DROP TABLE IF EXISTS `wlp_l_classclasstype`;
CREATE TABLE `wlp_l_classclasstype` (
  `ID` varchar(32) NOT NULL,
  `CLASSTYPEID` varchar(32) NOT NULL,
  `CLASSID` varchar(32) NOT NULL,
  PRIMARY KEY (`ID`),
  KEY `FK_Reference_23` (`CLASSTYPEID`),
  KEY `FK_Reference_24` (`CLASSID`),
  CONSTRAINT `FK_Reference_23` FOREIGN KEY (`CLASSTYPEID`) REFERENCES `wlp_c_classtype` (`ID`),
  CONSTRAINT `FK_Reference_24` FOREIGN KEY (`CLASSID`) REFERENCES `wlp_l_class` (`ID`)
) ENGINE=InnoDB DEFAULT CHARSET=utf8;

-- ----------------------------
-- Records of wlp_l_classclasstype
-- ----------------------------

-- ----------------------------
-- Table structure for `wlp_l_classhour`
-- ----------------------------
DROP TABLE IF EXISTS `wlp_l_classhour`;
CREATE TABLE `wlp_l_classhour` (
  `ID` varchar(32) NOT NULL,
  `CTIME` varchar(16) NOT NULL,
  `ETIME` varchar(16) NOT NULL,
  `CUSERNAME` varchar(64) NOT NULL,
  `CUSER` varchar(32) NOT NULL,
  `EUSERNAME` varchar(64) NOT NULL,
  `EUSER` varchar(32) NOT NULL,
  `PSTATE` varchar(2) NOT NULL,
  `PCONTENT` varchar(128) DEFAULT NULL,
  `AUTHORID` varchar(32) DEFAULT NULL,
  `FILEID` varchar(32) DEFAULT NULL COMMENT '当前支持PDF和MP4',
  `TITLE` varchar(256) NOT NULL,
  `SORT` int(11) NOT NULL,
  `NOTE` varchar(2048) DEFAULT NULL,
  `CHAPTERID` varchar(32) NOT NULL,
  `CLASSID` varchar(32) NOT NULL,
  PRIMARY KEY (`ID`),
  KEY `FK_Reference_30` (`FILEID`),
  KEY `FK_Referc_30` (`CHAPTERID`),
  CONSTRAINT `FK_Referc_30` FOREIGN KEY (`CHAPTERID`) REFERENCES `wlp_l_classchapter` (`ID`)
) ENGINE=InnoDB DEFAULT CHARSET=utf8;

-- ----------------------------
-- Records of wlp_l_classhour
-- ----------------------------

-- ----------------------------
-- Table structure for `wlp_l_classtag`
-- ----------------------------
DROP TABLE IF EXISTS `wlp_l_classtag`;
CREATE TABLE `wlp_l_classtag` (
  `ID` varchar(32) NOT NULL,
  `TAGID` varchar(32) NOT NULL,
  `CLASSID` varchar(32) NOT NULL,
  PRIMARY KEY (`ID`),
  KEY `FK_Reference_26` (`TAGID`),
  KEY `FK_Reference_61` (`CLASSID`),
  CONSTRAINT `FK_Reference_26` FOREIGN KEY (`TAGID`) REFERENCES `wlp_c_tag` (`ID`),
  CONSTRAINT `FK_Reference_61` FOREIGN KEY (`CLASSID`) REFERENCES `wlp_l_class` (`ID`)
) ENGINE=InnoDB DEFAULT CHARSET=utf8;

-- ----------------------------
-- Records of wlp_l_classtag
-- ----------------------------

-- ----------------------------
-- Table structure for `wlp_l_top`
-- ----------------------------
DROP TABLE IF EXISTS `wlp_l_top`;
CREATE TABLE `wlp_l_top` (
  `ID` varchar(32) NOT NULL,
  `CTIME` varchar(16) NOT NULL,
  `CUSERNAME` varchar(64) NOT NULL,
  `CUSER` varchar(32) NOT NULL,
  `PSTATE` varchar(2) NOT NULL,
  `PCONTENT` varchar(128) DEFAULT NULL,
  `SORT` int(11) NOT NULL,
  `TYPE` varchar(1) NOT NULL COMMENT ',2:大图推荐,1:首页推荐',
  `TITLE` varchar(256) NOT NULL,
  `URL` varchar(512) NOT NULL,
  `IMGID` varchar(32) NOT NULL,
  `MODEL` varchar(1) NOT NULL COMMENT '1课程.0自定义',
  `VISITNUM` int(11) NOT NULL,
  PRIMARY KEY (`ID`)
) ENGINE=InnoDB DEFAULT CHARSET=utf8;

-- ----------------------------
-- Records of wlp_l_top
-- ----------------------------
